beta,u,k,registry_min_blocks,condition,allowed_delay_grid,actual_delay,calibrated_samples,calibrated_probability,suffix_probability,analytic_given_counts,disconnected_blocks_on_success,events,samples,estimate,ci95_low,ci95_high,zero_events_exact_upper95
0.1,1.0,4,2880,shared control-free history; seed(e-1) known at freeze; seed(e) first mature at epoch_start-1,0;0.5;1;2,0,0,0.0,0.004500000000000001,0.0,2,0,1000000,0.0,4.235164736271502e-22,3.841444063944942e-06,2.9957277863923437e-06
0.1,1.0,8,2880,shared control-free history; seed(e-1) known at freeze; seed(e) first mature at epoch_start-1,0;0.5;1;2,0,0,0.0,0.004500000000000001,0.0,2,0,1000000,0.0,4.235164736271502e-22,3.841444063944942e-06,2.9957277863923437e-06
0.1,1.0,16,2880,shared control-free history; seed(e-1) known at freeze; seed(e) first mature at epoch_start-1,0;0.5;1;2,0,0,0.0,0.004500000000000001,0.0,2,0,1000000,0.0,4.235164736271502e-22,3.841444063944942e-06,2.9957277863923437e-06
0.1,1.0,32,2880,shared control-free history; seed(e-1) known at freeze; seed(e) first mature at epoch_start-1,0;0.5;1;2,0,0,0.0,0.004500000000000001,0.0,2,0,1000000,0.0,4.235164736271502e-22,3.841444063944942e-06,2.9957277863923437e-06
0.1,1.0,64,2880,shared control-free history; seed(e-1) known at freeze; seed(e) first mature at epoch_start-1,0;0.5;1;2,0,0,0.0,0.004500000000000001,0.0,2,0,1000000,0.0,4.235164736271502e-22,3.841444063944942e-06,2.9957277863923437e-06
0.1,1.0,128,2880,shared control-free history; seed(e-1) known at freeze; seed(e) first mature at epoch_start-1,0;0.5;1;2,0,0,0.0,0.004500000000000001,0.0,2,0,1000000,0.0,4.235164736271502e-22,3.841444063944942e-06,2.9957277863923437e-06
0.1,1.0,256,2880,shared control-free history; seed(e-1) known at freeze; seed(e) first mature at epoch_start-1,0;0.5;1;2,0,0,0.0,0.004500000000000001,0.0,2,0,1000000,0.0,4.235164736271502e-22,3.841444063944942e-06,2.9957277863923437e-06
0.1,1.0,512,2880,shared control-free history; seed(e-1) known at freeze; seed(e) first mature at epoch_start-1,0;0.5;1;2,0,0,0.0,0.004500000000000001,0.0,2,0,1000000,0.0,4.235164736271502e-22,3.841444063944942e-06,2.9957277863923437e-06
0.1,1.0,1024,2880,shared control-free history; seed(e-1) known at freeze; seed(e) first mature at epoch_start-1,0;0.5;1;2,0,0,0.0,0.004500000000000001,0.0,2,0,1000000,0.0,4.235164736271502e-22,3.841444063944942e-06,2.9957277863923437e-06
0.1,1.0,2048,2880,shared control-free history; seed(e-1) known at freeze; seed(e) first mature at epoch_start-1,0;0.5;1;2,0,0,0.0,0.004500000000000001,0.0,2,0,1000000,0.0,4.235164736271502e-22,3.841444063944942e-06,2.9957277863923437e-06
0.1,1.0,4096,2880,shared control-free history; seed(e-1) known at freeze; seed(e) first mature at epoch_start-1,0;0.5;1;2,0,0,0.0,0.004500000000000001,0.0,2,0,1000000,0.0,4.235164736271502e-22,3.841444063944942e-06,2.9957277863923437e-06
0.1,1.0,7200,2880,shared control-free history; seed(e-1) known at freeze; seed(e) first mature at epoch_start-1,0;0.5;1;2,0,0,0.0,0.004500000000000001,0.0,2,0,1000000,0.0,4.235164736271502e-22,3.841444063944942e-06,2.9957277863923437e-06
0.1,0.7,4,2880,shared control-free history; seed(e-1) known at freeze; seed(e) first mature at epoch_start-1,0;0.5;1;2,0,0,0.0,0.0031500000000000005,0.0,2,0,1000000,0.0,4.235164736271502e-22,3.841444063944942e-06,2.9957277863923437e-06
0.1,0.7,8,2880,shared control-free history; seed(e-1) known at freeze; seed(e) first mature at epoch_start-1,0;0.5;1;2,0,0,0.0,0.0031500000000000005,0.0,2,0,1000000,0.0,4.235164736271502e-22,3.841444063944942e-06,2.9957277863923437e-06
0.1,0.7,16,2880,shared control-free history; seed(e-1) known at freeze; seed(e) first mature at epoch_start-1,0;0.5;1;2,0,0,0.0,0.0031500000000000005,0.0,2,0,1000000,0.0,4.235164736271502e-22,3.841444063944942e-06,2.9957277863923437e-06
0.1,0.7,32,2880,shared control-free history; seed(e-1) known at freeze; seed(e) first mature at epoch_start-1,0;0.5;1;2,0,0,0.0,0.0031500000000000005,0.0,2,0,1000000,0.0,4.235164736271502e-22,3.841444063944942e-06,2.9957277863923437e-06
0.1,0.7,64,2880,shared control-free history; seed(e-1) known at freeze; seed(e) first mature at epoch_start-1,0;0.5;1;2,0,0,0.0,0.0031500000000000005,0.0,2,0,1000000,0.0,4.235164736271502e-22,3.841444063944942e-06,2.9957277863923437e-06
0.1,0.7,128,2880,shared control-free history; seed(e-1) known at freeze; seed(e) first mature at epoch_start-1,0;0.5;1;2,0,0,0.0,0.0031500000000000005,0.0,2,0,1000000,0.0,4.235164736271502e-22,3.841444063944942e-06,2.9957277863923437e-06
0.1,0.7,256,2880,shared control-free history; seed(e-1) known at freeze; seed(e) first mature at epoch_start-1,0;0.5;1;2,0,0,0.0,0.0031500000000000005,0.0,2,0,1000000,0.0,4.235164736271502e-22,3.841444063944942e-06,2.9957277863923437e-06
0.1,0.7,512,2880,shared control-free history; seed(e-1) known at freeze; seed(e) first mature at epoch_start-1,0;0.5;1;2,0,0,0.0,0.0031500000000000005,0.0,2,0,1000000,0.0,4.235164736271502e-22,3.841444063944942e-06,2.9957277863923437e-06
0.1,0.7,1024,2880,shared control-free history; seed(e-1) known at freeze; seed(e) first mature at epoch_start-1,0;0.5;1;2,0,0,0.0,0.0031500000000000005,0.0,2,0,1000000,0.0,4.235164736271502e-22,3.841444063944942e-06,2.9957277863923437e-06
0.1,0.7,2048,2880,shared control-free history; seed(e-1) known at freeze; seed(e) first mature at epoch_start-1,0;0.5;1;2,0,0,0.0,0.0031500000000000005,0.0,2,0,1000000,0.0,4.235164736271502e-22,3.841444063944942e-06,2.9957277863923437e-06
0.1,0.7,4096,2880,shared control-free history; seed(e-1) known at freeze; seed(e) first mature at epoch_start-1,0;0.5;1;2,0,0,0.0,0.0031500000000000005,0.0,2,0,1000000,0.0,4.235164736271502e-22,3.841444063944942e-06,2.9957277863923437e-06
0.1,0.7,7200,2880,shared control-free history; seed(e-1) known at freeze; seed(e) first mature at epoch_start-1,0;0.5;1;2,0,0,0.0,0.0031500000000000005,0.0,2,0,1000000,0.0,4.235164736271502e-22,3.841444063944942e-06,2.9957277863923437e-06
0.1,0.4,4,2880,shared control-free history; seed(e-1) known at freeze; seed(e) first mature at epoch_start-1,0;0.5;1;2,0,0,0.0,0.0018000000000000006,0.0,2,0,1000000,0.0,4.235164736271502e-22,3.841444063944942e-06,2.9957277863923437e-06
0.1,0.4,8,2880,shared control-free history; seed(e-1) known at freeze; seed(e) first mature at epoch_start-1,0;0.5;1;2,0,0,0.0,0.0018000000000000006,0.0,2,0,1000000,0.0,4.235164736271502e-22,3.841444063944942e-06,2.9957277863923437e-06
0.1,0.4,16,2880,shared control-free history; seed(e-1) known at freeze; seed(e) first mature at epoch_start-1,0;0.5;1;2,0,0,0.0,0.0018000000000000006,0.0,2,0,1000000,0.0,4.235164736271502e-22,3.841444063944942e-06,2.9957277863923437e-06
0.1,0.4,32,2880,shared control-free history; seed(e-1) known at freeze; seed(e) first mature at epoch_start-1,0;0.5;1;2,0,0,0.0,0.0018000000000000006,0.0,2,0,1000000,0.0,4.235164736271502e-22,3.841444063944942e-06,2.9957277863923437e-06
0.1,0.4,64,2880,shared control-free history; seed(e-1) known at freeze; seed(e) first mature at epoch_start-1,0;0.5;1;2,0,0,0.0,0.0018000000000000006,0.0,2,0,1000000,0.0,4.235164736271502e-22,3.841444063944942e-06,2.9957277863923437e-06
0.1,0.4,128,2880,shared control-free history; seed(e-1) known at freeze; seed(e) first mature at epoch_start-1,0;0.5;1;2,0,0,0.0,0.0018000000000000006,0.0,2,0,1000000,0.0,4.235164736271502e-22,3.841444063944942e-06,2.9957277863923437e-06
0.1,0.4,256,2880,shared control-free history; seed(e-1) known at freeze; seed(e) first mature at epoch_start-1,0;0.5;1;2,0,0,0.0,0.0018000000000000006,0.0,2,0,1000000,0.0,4.235164736271502e-22,3.841444063944942e-06,2.9957277863923437e-06
0.1,0.4,512,2880,shared control-free history; seed(e-1) known at freeze; seed(e) first mature at epoch_start-1,0;0.5;1;2,0,0,0.0,0.0018000000000000006,0.0,2,0,1000000,0.0,4.235164736271502e-22,3.841444063944942e-06,2.9957277863923437e-06
0.1,0.4,1024,2880,shared control-free history; seed(e-1) known at freeze; seed(e) first mature at epoch_start-1,0;0.5;1;2,0,0,0.0,0.0018000000000000006,0.0,2,0,1000000,0.0,4.235164736271502e-22,3.841444063944942e-06,2.9957277863923437e-06
0.1,0.4,2048,2880,shared control-free history; seed(e-1) known at freeze; seed(e) first mature at epoch_start-1,0;0.5;1;2,0,0,0.0,0.0018000000000000006,0.0,2,0,1000000,0.0,4.235164736271502e-22,3.841444063944942e-06,2.9957277863923437e-06
0.1,0.4,4096,2880,shared control-free history; seed(e-1) known at freeze; seed(e) first mature at epoch_start-1,0;0.5;1;2,0,0,0.0,0.0018000000000000006,0.0,2,0,1000000,0.0,4.235164736271502e-22,3.841444063944942e-06,2.9957277863923437e-06
0.1,0.4,7200,2880,shared control-free history; seed(e-1) known at freeze; seed(e) first mature at epoch_start-1,0;0.5;1;2,0,0,0.0,0.0018000000000000006,0.0,2,0,1000000,0.0,4.235164736271502e-22,3.841444063944942e-06,2.9957277863923437e-06
0.1,0.2,4,2880,shared control-free history; seed(e-1) known at freeze; seed(e) first mature at epoch_start-1,0;0.5;1;2,0,1000000,1.0,0.0009000000000000003,0.0009000000000000003,2,919,1000000,0.000919,0.0008614973433345029,0.0009803370401552528,
0.1,0.2,8,2880,shared control-free history; seed(e-1) known at freeze; seed(e) first mature at epoch_start-1,0;0.5;1;2,0,1000000,1.0,0.0009000000000000003,0.0009000000000000003,2,919,1000000,0.000919,0.0008614973433345029,0.0009803370401552528,
0.1,0.2,16,2880,shared control-free history; seed(e-1) known at freeze; seed(e) first mature at epoch_start-1,0;0.5;1;2,0,1000000,1.0,0.0009000000000000003,0.0009000000000000003,2,919,1000000,0.000919,0.0008614973433345029,0.0009803370401552528,
0.1,0.2,32,2880,shared control-free history; seed(e-1) known at freeze; seed(e) first mature at epoch_start-1,0;0.5;1;2,0,1000000,1.0,0.0009000000000000003,0.0009000000000000003,2,919,1000000,0.000919,0.0008614973433345029,0.0009803370401552528,
0.1,0.2,64,2880,shared control-free history; seed(e-1) known at freeze; seed(e) first mature at epoch_start-1,0;0.5;1;2,0,1000000,1.0,0.0009000000000000003,0.0009000000000000003,2,919,1000000,0.000919,0.0008614973433345029,0.0009803370401552528,
0.1,0.2,128,2880,shared control-free history; seed(e-1) known at freeze; seed(e) first mature at epoch_start-1,0;0.5;1;2,0,1000000,1.0,0.0009000000000000003,0.0009000000000000003,2,919,1000000,0.000919,0.0008614973433345029,0.0009803370401552528,
0.1,0.2,256,2880,shared control-free history; seed(e-1) known at freeze; seed(e) first mature at epoch_start-1,0;0.5;1;2,0,1000000,1.0,0.0009000000000000003,0.0009000000000000003,2,919,1000000,0.000919,0.0008614973433345029,0.0009803370401552528,
0.1,0.2,512,2880,shared control-free history; seed(e-1) known at freeze; seed(e) first mature at epoch_start-1,0;0.5;1;2,0,999979,0.999979,0.0009000000000000003,0.0008999811000000003,2,919,1000000,0.000919,0.0008614973433345029,0.0009803370401552528,
0.1,0.2,1024,2880,shared control-free history; seed(e-1) known at freeze; seed(e) first mature at epoch_start-1,0;0.5;1;2,0,983466,0.983466,0.0009000000000000003,0.0008851194000000003,2,904,1000000,0.000904,0.0008469833712539661,0.0009648511274791113,
0.1,0.2,2048,2880,shared control-free history; seed(e-1) known at freeze; seed(e) first mature at epoch_start-1,0;0.5;1;2,0,48019,0.048019,0.0009000000000000003,4.321710000000001e-05,2,41,1000000,4.1e-05,3.0224844101109004e-05,5.5616284964422716e-05,
0.1,0.2,4096,2880,shared control-free history; seed(e-1) known at freeze; seed(e) first mature at epoch_start-1,0;0.5;1;2,0,0,0.0,0.0009000000000000003,0.0,2,0,1000000,0.0,4.235164736271502e-22,3.841444063944942e-06,2.9957277863923437e-06
0.1,0.2,7200,2880,shared control-free history; seed(e-1) known at freeze; seed(e) first mature at epoch_start-1,0;0.5;1;2,0,0,0.0,0.0009000000000000003,0.0,2,0,1000000,0.0,4.235164736271502e-22,3.841444063944942e-06,2.9957277863923437e-06
0.2,1.0,4,2880,shared control-free history; seed(e-1) known at freeze; seed(e) first mature at epoch_start-1,0;0.5;1;2,0,0,0.0,0.016000000000000004,0.0,2,0,1000000,0.0,4.235164736271502e-22,3.841444063944942e-06,2.9957277863923437e-06
0.2,1.0,8,2880,shared control-free history; seed(e-1) known at freeze; seed(e) first mature at epoch_start-1,0;0.5;1;2,0,0,0.0,0.016000000000000004,0.0,2,0,1000000,0.0,4.235164736271502e-22,3.841444063944942e-06,2.9957277863923437e-06
0.2,1.0,16,2880,shared control-free history; seed(e-1) known at freeze; seed(e) first mature at epoch_start-1,0;0.5;1;2,0,0,0.0,0.016000000000000004,0.0,2,0,1000000,0.0,4.235164736271502e-22,3.841444063944942e-06,2.9957277863923437e-06
0.2,1.0,32,2880,shared control-free history; seed(e-1) known at freeze; seed(e) first mature at epoch_start-1,0;0.5;1;2,0,0,0.0,0.016000000000000004,0.0,2,0,1000000,0.0,4.235164736271502e-22,3.841444063944942e-06,2.9957277863923437e-06
0.2,1.0,64,2880,shared control-free history; seed(e-1) known at freeze; seed(e) first mature at epoch_start-1,0;0.5;1;2,0,0,0.0,0.016000000000000004,0.0,2,0,1000000,0.0,4.235164736271502e-22,3.841444063944942e-06,2.9957277863923437e-06
0.2,1.0,128,2880,shared control-free history; seed(e-1) known at freeze; seed(e) first mature at epoch_start-1,0;0.5;1;2,0,0,0.0,0.016000000000000004,0.0,2,0,1000000,0.0,4.235164736271502e-22,3.841444063944942e-06,2.9957277863923437e-06
0.2,1.0,256,2880,shared control-free history; seed(e-1) known at freeze; seed(e) first mature at epoch_start-1,0;0.5;1;2,0,0,0.0,0.016000000000000004,0.0,2,0,1000000,0.0,4.235164736271502e-22,3.841444063944942e-06,2.9957277863923437e-06
0.2,1.0,512,2880,shared control-free history; seed(e-1) known at freeze; seed(e) first mature at epoch_start-1,0;0.5;1;2,0,0,0.0,0.016000000000000004,0.0,2,0,1000000,0.0,4.235164736271502e-22,3.841444063944942e-06,2.9957277863923437e-06
0.2,1.0,1024,2880,shared control-free history; seed(e-1) known at freeze; seed(e) first mature at epoch_start-1,0;0.5;1;2,0,0,0.0,0.016000000000000004,0.0,2,0,1000000,0.0,4.235164736271502e-22,3.841444063944942e-06,2.9957277863923437e-06
0.2,1.0,2048,2880,shared control-free history; seed(e-1) known at freeze; seed(e) first mature at epoch_start-1,0;0.5;1;2,0,0,0.0,0.016000000000000004,0.0,2,0,1000000,0.0,4.235164736271502e-22,3.841444063944942e-06,2.9957277863923437e-06
0.2,1.0,4096,2880,shared control-free history; seed(e-1) known at freeze; seed(e) first mature at epoch_start-1,0;0.5;1;2,0,0,0.0,0.016000000000000004,0.0,2,0,1000000,0.0,4.235164736271502e-22,3.841444063944942e-06,2.9957277863923437e-06
0.2,1.0,7200,2880,shared control-free history; seed(e-1) known at freeze; seed(e) first mature at epoch_start-1,0;0.5;1;2,0,0,0.0,0.016000000000000004,0.0,2,0,1000000,0.0,4.235164736271502e-22,3.841444063944942e-06,2.9957277863923437e-06
0.2,0.7,4,2880,shared control-free history; seed(e-1) known at freeze; seed(e) first mature at epoch_start-1,0;0.5;1;2,0,0,0.0,0.011200000000000002,0.0,2,0,1000000,0.0,4.235164736271502e-22,3.841444063944942e-06,2.9957277863923437e-06
0.2,0.7,8,2880,shared control-free history; seed(e-1) known at freeze; seed(e) first mature at epoch_start-1,0;0.5;1;2,0,0,0.0,0.011200000000000002,0.0,2,0,1000000,0.0,4.235164736271502e-22,3.841444063944942e-06,2.9957277863923437e-06
0.2,0.7,16,2880,shared control-free history; seed(e-1) known at freeze; seed(e) first mature at epoch_start-1,0;0.5;1;2,0,0,0.0,0.011200000000000002,0.0,2,0,1000000,0.0,4.235164736271502e-22,3.841444063944942e-06,2.9957277863923437e-06
0.2,0.7,32,2880,shared control-free history; seed(e-1) known at freeze; seed(e) first mature at epoch_start-1,0;0.5;1;2,0,0,0.0,0.011200000000000002,0.0,2,0,1000000,0.0,4.235164736271502e-22,3.841444063944942e-06,2.9957277863923437e-06
0.2,0.7,64,2880,shared control-free history; seed(e-1) known at freeze; seed(e) first mature at epoch_start-1,0;0.5;1;2,0,0,0.0,0.011200000000000002,0.0,2,0,1000000,0.0,4.235164736271502e-22,3.841444063944942e-06,2.9957277863923437e-06
0.2,0.7,128,2880,shared control-free history; seed(e-1) known at freeze; seed(e) first mature at epoch_start-1,0;0.5;1;2,0,0,0.0,0.011200000000000002,0.0,2,0,1000000,0.0,4.235164736271502e-22,3.841444063944942e-06,2.9957277863923437e-06
0.2,0.7,256,2880,shared control-free history; seed(e-1) known at freeze; seed(e) first mature at epoch_start-1,0;0.5;1;2,0,0,0.0,0.011200000000000002,0.0,2,0,1000000,0.0,4.235164736271502e-22,3.841444063944942e-06,2.9957277863923437e-06
0.2,0.7,512,2880,shared control-free history; seed(e-1) known at freeze; seed(e) first mature at epoch_start-1,0;0.5;1;2,0,0,0.0,0.011200000000000002,0.0,2,0,1000000,0.0,4.235164736271502e-22,3.841444063944942e-06,2.9957277863923437e-06
0.2,0.7,1024,2880,shared control-free history; seed(e-1) known at freeze; seed(e) first mature at epoch_start-1,0;0.5;1;2,0,0,0.0,0.011200000000000002,0.0,2,0,1000000,0.0,4.235164736271502e-22,3.841444063944942e-06,2.9957277863923437e-06
0.2,0.7,2048,2880,shared control-free history; seed(e-1) known at freeze; seed(e) first mature at epoch_start-1,0;0.5;1;2,0,0,0.0,0.011200000000000002,0.0,2,0,1000000,0.0,4.235164736271502e-22,3.841444063944942e-06,2.9957277863923437e-06
0.2,0.7,4096,2880,shared control-free history; seed(e-1) known at freeze; seed(e) first mature at epoch_start-1,0;0.5;1;2,0,0,0.0,0.011200000000000002,0.0,2,0,1000000,0.0,4.235164736271502e-22,3.841444063944942e-06,2.9957277863923437e-06
0.2,0.7,7200,2880,shared control-free history; seed(e-1) known at freeze; seed(e) first mature at epoch_start-1,0;0.5;1;2,0,0,0.0,0.011200000000000002,0.0,2,0,1000000,0.0,4.235164736271502e-22,3.841444063944942e-06,2.9957277863923437e-06
0.2,0.4,4,2880,shared control-free history; seed(e-1) known at freeze; seed(e) first mature at epoch_start-1,0;0.5;1;2,0,0,0.0,0.006400000000000003,0.0,2,0,1000000,0.0,4.235164736271502e-22,3.841444063944942e-06,2.9957277863923437e-06
0.2,0.4,8,2880,shared control-free history; seed(e-1) known at freeze; seed(e) first mature at epoch_start-1,0;0.5;1;2,0,0,0.0,0.006400000000000003,0.0,2,0,1000000,0.0,4.235164736271502e-22,3.841444063944942e-06,2.9957277863923437e-06
0.2,0.4,16,2880,shared control-free history; seed(e-1) known at freeze; seed(e) first mature at epoch_start-1,0;0.5;1;2,0,0,0.0,0.006400000000000003,0.0,2,0,1000000,0.0,4.235164736271502e-22,3.841444063944942e-06,2.9957277863923437e-06
0.2,0.4,32,2880,shared control-free history; seed(e-1) known at freeze; seed(e) first mature at epoch_start-1,0;0.5;1;2,0,0,0.0,0.006400000000000003,0.0,2,0,1000000,0.0,4.235164736271502e-22,3.841444063944942e-06,2.9957277863923437e-06
0.2,0.4,64,2880,shared control-free history; seed(e-1) known at freeze; seed(e) first mature at epoch_start-1,0;0.5;1;2,0,0,0.0,0.006400000000000003,0.0,2,0,1000000,0.0,4.235164736271502e-22,3.841444063944942e-06,2.9957277863923437e-06
0.2,0.4,128,2880,shared control-free history; seed(e-1) known at freeze; seed(e) first mature at epoch_start-1,0;0.5;1;2,0,0,0.0,0.006400000000000003,0.0,2,0,1000000,0.0,4.235164736271502e-22,3.841444063944942e-06,2.9957277863923437e-06
0.2,0.4,256,2880,shared control-free history; seed(e-1) known at freeze; seed(e) first mature at epoch_start-1,0;0.5;1;2,0,0,0.0,0.006400000000000003,0.0,2,0,1000000,0.0,4.235164736271502e-22,3.841444063944942e-06,2.9957277863923437e-06
0.2,0.4,512,2880,shared control-free history; seed(e-1) known at freeze; seed(e) first mature at epoch_start-1,0;0.5;1;2,0,0,0.0,0.006400000000000003,0.0,2,0,1000000,0.0,4.235164736271502e-22,3.841444063944942e-06,2.9957277863923437e-06
0.2,0.4,1024,2880,shared control-free history; seed(e-1) known at freeze; seed(e) first mature at epoch_start-1,0;0.5;1;2,0,0,0.0,0.006400000000000003,0.0,2,0,1000000,0.0,4.235164736271502e-22,3.841444063944942e-06,2.9957277863923437e-06
0.2,0.4,2048,2880,shared control-free history; seed(e-1) known at freeze; seed(e) first mature at epoch_start-1,0;0.5;1;2,0,0,0.0,0.006400000000000003,0.0,2,0,1000000,0.0,4.235164736271502e-22,3.841444063944942e-06,2.9957277863923437e-06
0.2,0.4,4096,2880,shared control-free history; seed(e-1) known at freeze; seed(e) first mature at epoch_start-1,0;0.5;1;2,0,0,0.0,0.006400000000000003,0.0,2,0,1000000,0.0,4.235164736271502e-22,3.841444063944942e-06,2.9957277863923437e-06
0.2,0.4,7200,2880,shared control-free history; seed(e-1) known at freeze; seed(e) first mature at epoch_start-1,0;0.5;1;2,0,0,0.0,0.006400000000000003,0.0,2,0,1000000,0.0,4.235164736271502e-22,3.841444063944942e-06,2.9957277863923437e-06
0.2,0.2,4,2880,shared control-free history; seed(e-1) known at freeze; seed(e) first mature at epoch_start-1,0;0.5;1;2,0,1000000,1.0,0.0032000000000000015,0.0032000000000000015,2,3189,1000000,0.003189,0.003080387247598097,0.0033014296957356087,
0.2,0.2,8,2880,shared control-free history; seed(e-1) known at freeze; seed(e) first mature at epoch_start-1,0;0.5;1;2,0,1000000,1.0,0.0032000000000000015,0.0032000000000000015,2,3189,1000000,0.003189,0.003080387247598097,0.0033014296957356087,
0.2,0.2,16,2880,shared control-free history; seed(e-1) known at freeze; seed(e) first mature at epoch_start-1,0;0.5;1;2,0,1000000,1.0,0.0032000000000000015,0.0032000000000000015,2,3189,1000000,0.003189,0.003080387247598097,0.0033014296957356087,
0.2,0.2,32,2880,shared control-free history; seed(e-1) known at freeze; seed(e) first mature at epoch_start-1,0;0.5;1;2,0,1000000,1.0,0.0032000000000000015,0.0032000000000000015,2,3189,1000000,0.003189,0.003080387247598097,0.0033014296957356087,
0.2,0.2,64,2880,shared control-free history; seed(e-1) known at freeze; seed(e) first mature at epoch_start-1,0;0.5;1;2,0,1000000,1.0,0.0032000000000000015,0.0032000000000000015,2,3189,1000000,0.003189,0.003080387247598097,0.0033014296957356087,
0.2,0.2,128,2880,shared control-free history; seed(e-1) known at freeze; seed(e) first mature at epoch_start-1,0;0.5;1;2,0,1000000,1.0,0.0032000000000000015,0.0032000000000000015,2,3189,1000000,0.003189,0.003080387247598097,0.0033014296957356087,
0.2,0.2,256,2880,shared control-free history; seed(e-1) known at freeze; seed(e) first mature at epoch_start-1,0;0.5;1;2,0,1000000,1.0,0.0032000000000000015,0.0032000000000000015,2,3189,1000000,0.003189,0.003080387247598097,0.0033014296957356087,
0.2,0.2,512,2880,shared control-free history; seed(e-1) known at freeze; seed(e) first mature at epoch_start-1,0;0.5;1;2,0,1000000,1.0,0.0032000000000000015,0.0032000000000000015,2,3189,1000000,0.003189,0.003080387247598097,0.0033014296957356087,
0.2,0.2,1024,2880,shared control-free history; seed(e-1) known at freeze; seed(e) first mature at epoch_start-1,0;0.5;1;2,0,1000000,1.0,0.0032000000000000015,0.0032000000000000015,2,3189,1000000,0.003189,0.003080387247598097,0.0033014296957356087,
0.2,0.2,2048,2880,shared control-free history; seed(e-1) known at freeze; seed(e) first mature at epoch_start-1,0;0.5;1;2,0,1000000,1.0,0.0032000000000000015,0.0032000000000000015,2,3189,1000000,0.003189,0.003080387247598097,0.0033014296957356087,
0.2,0.2,4096,2880,shared control-free history; seed(e-1) known at freeze; seed(e) first mature at epoch_start-1,0;0.5;1;2,0,52171,0.052171,0.0032000000000000015,0.00016694720000000007,2,154,1000000,0.000154,0.00013152385649015732,0.000180316404409016,
0.2,0.2,7200,2880,shared control-free history; seed(e-1) known at freeze; seed(e) first mature at epoch_start-1,0;0.5;1;2,0,0,0.0,0.0032000000000000015,0.0,2,0,1000000,0.0,4.235164736271502e-22,3.841444063944942e-06,2.9957277863923437e-06
0.25,1.0,4,2880,shared control-free history; seed(e-1) known at freeze; seed(e) first mature at epoch_start-1,0;0.5;1;2,0,0,0.0,0.0234375,0.0,2,0,1000000,0.0,4.235164736271502e-22,3.841444063944942e-06,2.9957277863923437e-06
0.25,1.0,8,2880,shared control-free history; seed(e-1) known at freeze; seed(e) first mature at epoch_start-1,0;0.5;1;2,0,0,0.0,0.0234375,0.0,2,0,1000000,0.0,4.235164736271502e-22,3.841444063944942e-06,2.9957277863923437e-06
0.25,1.0,16,2880,shared control-free history; seed(e-1) known at freeze; seed(e) first mature at epoch_start-1,0;0.5;1;2,0,0,0.0,0.0234375,0.0,2,0,1000000,0.0,4.235164736271502e-22,3.841444063944942e-06,2.9957277863923437e-06
0.25,1.0,32,2880,shared control-free history; seed(e-1) known at freeze; seed(e) first mature at epoch_start-1,0;0.5;1;2,0,0,0.0,0.0234375,0.0,2,0,1000000,0.0,4.235164736271502e-22,3.841444063944942e-06,2.9957277863923437e-06
0.25,1.0,64,2880,shared control-free history; seed(e-1) known at freeze; seed(e) first mature at epoch_start-1,0;0.5;1;2,0,0,0.0,0.0234375,0.0,2,0,1000000,0.0,4.235164736271502e-22,3.841444063944942e-06,2.9957277863923437e-06
0.25,1.0,128,2880,shared control-free history; seed(e-1) known at freeze; seed(e) first mature at epoch_start-1,0;0.5;1;2,0,0,0.0,0.0234375,0.0,2,0,1000000,0.0,4.235164736271502e-22,3.841444063944942e-06,2.9957277863923437e-06
0.25,1.0,256,2880,shared control-free history; seed(e-1) known at freeze; seed(e) first mature at epoch_start-1,0;0.5;1;2,0,0,0.0,0.0234375,0.0,2,0,1000000,0.0,4.235164736271502e-22,3.841444063944942e-06,2.9957277863923437e-06
0.25,1.0,512,2880,shared control-free history; seed(e-1) known at freeze; seed(e) first mature at epoch_start-1,0;0.5;1;2,0,0,0.0,0.0234375,0.0,2,0,1000000,0.0,4.235164736271502e-22,3.841444063944942e-06,2.9957277863923437e-06
0.25,1.0,1024,2880,shared control-free history; seed(e-1) known at freeze; seed(e) first mature at epoch_start-1,0;0.5;1;2,0,0,0.0,0.0234375,0.0,2,0,1000000,0.0,4.235164736271502e-22,3.841444063944942e-06,2.9957277863923437e-06
0.25,1.0,2048,2880,shared control-free history; seed(e-1) known at freeze; seed(e) first mature at epoch_start-1,0;0.5;1;2,0,0,0.0,0.0234375,0.0,2,0,1000000,0.0,4.235164736271502e-22,3.841444063944942e-06,2.9957277863923437e-06
0.25,1.0,4096,2880,shared control-free history; seed(e-1) known at freeze; seed(e) first mature at epoch_start-1,0;0.5;1;2,0,0,0.0,0.0234375,0.0,2,0,1000000,0.0,4.235164736271502e-22,3.841444063944942e-06,2.9957277863923437e-06
0.25,1.0,7200,2880,shared control-free history; seed(e-1) known at freeze; seed(e) first mature at epoch_start-1,0;0.5;1;2,0,0,0.0,0.0234375,0.0,2,0,1000000,0.0,4.235164736271502e-22,3.841444063944942e-06,2.9957277863923437e-06
0.25,0.7,4,2880,shared control-free history; seed(e-1) known at freeze; seed(e) first mature at epoch_start-1,0;0.5;1;2,0,0,0.0,0.016406249999999997,0.0,2,0,1000000,0.0,4.235164736271502e-22,3.841444063944942e-06,2.9957277863923437e-06
0.25,0.7,8,2880,shared control-free history; seed(e-1) known at freeze; seed(e) first mature at epoch_start-1,0;0.5;1;2,0,0,0.0,0.016406249999999997,0.0,2,0,1000000,0.0,4.235164736271502e-22,3.841444063944942e-06,2.9957277863923437e-06
0.25,0.7,16,2880,shared control-free history; seed(e-1) known at freeze; seed(e) first mature at epoch_start-1,0;0.5;1;2,0,0,0.0,0.016406249999999997,0.0,2,0,1000000,0.0,4.235164736271502e-22,3.841444063944942e-06,2.9957277863923437e-06
0.25,0.7,32,2880,shared control-free history; seed(e-1) known at freeze; seed(e) first mature at epoch_start-1,0;0.5;1;2,0,0,0.0,0.016406249999999997,0.0,2,0,1000000,0.0,4.235164736271502e-22,3.841444063944942e-06,2.9957277863923437e-06
0.25,0.7,64,2880,shared control-free history; seed(e-1) known at freeze; seed(e) first mature at epoch_start-1,0;0.5;1;2,0,0,0.0,0.016406249999999997,0.0,2,0,1000000,0.0,4.235164736271502e-22,3.841444063944942e-06,2.9957277863923437e-06
0.25,0.7,128,2880,shared control-free history; seed(e-1) known at freeze; seed(e) first mature at epoch_start-1,0;0.5;1;2,0,0,0.0,0.016406249999999997,0.0,2,0,1000000,0.0,4.235164736271502e-22,3.841444063944942e-06,2.9957277863923437e-06
0.25,0.7,256,2880,shared control-free history; seed(e-1) known at freeze; seed(e) first mature at epoch_start-1,0;0.5;1;2,0,0,0.0,0.016406249999999997,0.0,2,0,1000000,0.0,4.235164736271502e-22,3.841444063944942e-06,2.9957277863923437e-06
0.25,0.7,512,2880,shared control-free history; seed(e-1) known at freeze; seed(e) first mature at epoch_start-1,0;0.5;1;2,0,0,0.0,0.016406249999999997,0.0,2,0,1000000,0.0,4.235164736271502e-22,3.841444063944942e-06,2.9957277863923437e-06
0.25,0.7,1024,2880,shared control-free history; seed(e-1) known at freeze; seed(e) first mature at epoch_start-1,0;0.5;1;2,0,0,0.0,0.016406249999999997,0.0,2,0,1000000,0.0,4.235164736271502e-22,3.841444063944942e-06,2.9957277863923437e-06
0.25,0.7,2048,2880,shared control-free history; seed(e-1) known at freeze; seed(e) first mature at epoch_start-1,0;0.5;1;2,0,0,0.0,0.016406249999999997,0.0,2,0,1000000,0.0,4.235164736271502e-22,3.841444063944942e-06,2.9957277863923437e-06
0.25,0.7,4096,2880,shared control-free history; seed(e-1) known at freeze; seed(e) first mature at epoch_start-1,0;0.5;1;2,0,0,0.0,0.016406249999999997,0.0,2,0,1000000,0.0,4.235164736271502e-22,3.841444063944942e-06,2.9957277863923437e-06
0.25,0.7,7200,2880,shared control-free history; seed(e-1) known at freeze; seed(e) first mature at epoch_start-1,0;0.5;1;2,0,0,0.0,0.016406249999999997,0.0,2,0,1000000,0.0,4.235164736271502e-22,3.841444063944942e-06,2.9957277863923437e-06
0.25,0.4,4,2880,shared control-free history; seed(e-1) known at freeze; seed(e) first mature at epoch_start-1,0;0.5;1;2,0,0,0.0,0.009375000000000001,0.0,2,0,1000000,0.0,4.235164736271502e-22,3.841444063944942e-06,2.9957277863923437e-06
0.25,0.4,8,2880,shared control-free history; seed(e-1) known at freeze; seed(e) first mature at epoch_start-1,0;0.5;1;2,0,0,0.0,0.009375000000000001,0.0,2,0,1000000,0.0,4.235164736271502e-22,3.841444063944942e-06,2.9957277863923437e-06
0.25,0.4,16,2880,shared control-free history; seed(e-1) known at freeze; seed(e) first mature at epoch_start-1,0;0.5;1;2,0,0,0.0,0.009375000000000001,0.0,2,0,1000000,0.0,4.235164736271502e-22,3.841444063944942e-06,2.9957277863923437e-06
0.25,0.4,32,2880,shared control-free history; seed(e-1) known at freeze; seed(e) first mature at epoch_start-1,0;0.5;1;2,0,0,0.0,0.009375000000000001,0.0,2,0,1000000,0.0,4.235164736271502e-22,3.841444063944942e-06,2.9957277863923437e-06
0.25,0.4,64,2880,shared control-free history; seed(e-1) known at freeze; seed(e) first mature at epoch_start-1,0;0.5;1;2,0,0,0.0,0.009375000000000001,0.0,2,0,1000000,0.0,4.235164736271502e-22,3.841444063944942e-06,2.9957277863923437e-06
0.25,0.4,128,2880,shared control-free history; seed(e-1) known at freeze; seed(e) first mature at epoch_start-1,0;0.5;1;2,0,0,0.0,0.009375000000000001,0.0,2,0,1000000,0.0,4.235164736271502e-22,3.841444063944942e-06,2.9957277863923437e-06
0.25,0.4,256,2880,shared control-free history; seed(e-1) known at freeze; seed(e) first mature at epoch_start-1,0;0.5;1;2,0,0,0.0,0.009375000000000001,0.0,2,0,1000000,0.0,4.235164736271502e-22,3.841444063944942e-06,2.9957277863923437e-06
0.25,0.4,512,2880,shared control-free history; seed(e-1) known at freeze; seed(e) first mature at epoch_start-1,0;0.5;1;2,0,0,0.0,0.009375000000000001,0.0,2,0,1000000,0.0,4.235164736271502e-22,3.841444063944942e-06,2.9957277863923437e-06
0.25,0.4,1024,2880,shared control-free history; seed(e-1) known at freeze; seed(e) first mature at epoch_start-1,0;0.5;1;2,0,0,0.0,0.009375000000000001,0.0,2,0,1000000,0.0,4.235164736271502e-22,3.841444063944942e-06,2.9957277863923437e-06
0.25,0.4,2048,2880,shared control-free history; seed(e-1) known at freeze; seed(e) first mature at epoch_start-1,0;0.5;1;2,0,0,0.0,0.009375000000000001,0.0,2,0,1000000,0.0,4.235164736271502e-22,3.841444063944942e-06,2.9957277863923437e-06
0.25,0.4,4096,2880,shared control-free history; seed(e-1) known at freeze; seed(e) first mature at epoch_start-1,0;0.5;1;2,0,0,0.0,0.009375000000000001,0.0,2,0,1000000,0.0,4.235164736271502e-22,3.841444063944942e-06,2.9957277863923437e-06
0.25,0.4,7200,2880,shared control-free history; seed(e-1) known at freeze; seed(e) first mature at epoch_start-1,0;0.5;1;2,0,0,0.0,0.009375000000000001,0.0,2,0,1000000,0.0,4.235164736271502e-22,3.841444063944942e-06,2.9957277863923437e-06
0.25,0.2,4,2880,shared control-free history; seed(e-1) known at freeze; seed(e) first mature at epoch_start-1,0;0.5;1;2,0,1000000,1.0,0.004687500000000001,0.004687500000000001,2,4846,1000000,0.004846,0.004711780673250012,0.004984023539538066,
0.25,0.2,8,2880,shared control-free history; seed(e-1) known at freeze; seed(e) first mature at epoch_start-1,0;0.5;1;2,0,1000000,1.0,0.004687500000000001,0.004687500000000001,2,4846,1000000,0.004846,0.004711780673250012,0.004984023539538066,
0.25,0.2,16,2880,shared control-free history; seed(e-1) known at freeze; seed(e) first mature at epoch_start-1,0;0.5;1;2,0,1000000,1.0,0.004687500000000001,0.004687500000000001,2,4846,1000000,0.004846,0.004711780673250012,0.004984023539538066,
0.25,0.2,32,2880,shared control-free history; seed(e-1) known at freeze; seed(e) first mature at epoch_start-1,0;0.5;1;2,0,1000000,1.0,0.004687500000000001,0.004687500000000001,2,4846,1000000,0.004846,0.004711780673250012,0.004984023539538066,
0.25,0.2,64,2880,shared control-free history; seed(e-1) known at freeze; seed(e) first mature at epoch_start-1,0;0.5;1;2,0,1000000,1.0,0.004687500000000001,0.004687500000000001,2,4846,1000000,0.004846,0.004711780673250012,0.004984023539538066,
0.25,0.2,128,2880,shared control-free history; seed(e-1) known at freeze; seed(e) first mature at epoch_start-1,0;0.5;1;2,0,1000000,1.0,0.004687500000000001,0.004687500000000001,2,4846,1000000,0.004846,0.004711780673250012,0.004984023539538066,
0.25,0.2,256,2880,shared control-free history; seed(e-1) known at freeze; seed(e) first mature at epoch_start-1,0;0.5;1;2,0,1000000,1.0,0.004687500000000001,0.004687500000000001,2,4846,1000000,0.004846,0.004711780673250012,0.004984023539538066,
0.25,0.2,512,2880,shared control-free history; seed(e-1) known at freeze; seed(e) first mature at epoch_start-1,0;0.5;1;2,0,1000000,1.0,0.004687500000000001,0.004687500000000001,2,4846,1000000,0.004846,0.004711780673250012,0.004984023539538066,
0.25,0.2,1024,2880,shared control-free history; seed(e-1) known at freeze; seed(e) first mature at epoch_start-1,0;0.5;1;2,0,1000000,1.0,0.004687500000000001,0.004687500000000001,2,4846,1000000,0.004846,0.004711780673250012,0.004984023539538066,
0.25,0.2,2048,2880,shared control-free history; seed(e-1) known at freeze; seed(e) first mature at epoch_start-1,0;0.5;1;2,0,1000000,1.0,0.004687500000000001,0.004687500000000001,2,4846,1000000,0.004846,0.004711780673250012,0.004984023539538066,
0.25,0.2,4096,2880,shared control-free history; seed(e-1) known at freeze; seed(e) first mature at epoch_start-1,0;0.5;1;2,0,983574,0.983574,0.004687500000000001,0.004610503125,2,4755,1000000,0.004755,0.0046220587289462186,0.004891746182984679,
0.25,0.2,7200,2880,shared control-free history; seed(e-1) known at freeze; seed(e) first mature at epoch_start-1,0;0.5;1;2,0,0,0.0,0.004687500000000001,0.0,2,0,1000000,0.0,4.235164736271502e-22,3.841444063944942e-06,2.9957277863923437e-06
0.3,1.0,4,2880,shared control-free history; seed(e-1) known at freeze; seed(e) first mature at epoch_start-1,0;0.5;1;2,0,0,0.0,0.0315,0.0,2,0,1000000,0.0,4.235164736271502e-22,3.841444063944942e-06,2.9957277863923437e-06
0.3,1.0,8,2880,shared control-free history; seed(e-1) known at freeze; seed(e) first mature at epoch_start-1,0;0.5;1;2,0,0,0.0,0.0315,0.0,2,0,1000000,0.0,4.235164736271502e-22,3.841444063944942e-06,2.9957277863923437e-06
0.3,1.0,16,2880,shared control-free history; seed(e-1) known at freeze; seed(e) first mature at epoch_start-1,0;0.5;1;2,0,0,0.0,0.0315,0.0,2,0,1000000,0.0,4.235164736271502e-22,3.841444063944942e-06,2.9957277863923437e-06
0.3,1.0,32,2880,shared control-free history; seed(e-1) known at freeze; seed(e) first mature at epoch_start-1,0;0.5;1;2,0,0,0.0,0.0315,0.0,2,0,1000000,0.0,4.235164736271502e-22,3.841444063944942e-06,2.9957277863923437e-06
0.3,1.0,64,2880,shared control-free history; seed(e-1) known at freeze; seed(e) first mature at epoch_start-1,0;0.5;1;2,0,0,0.0,0.0315,0.0,2,0,1000000,0.0,4.235164736271502e-22,3.841444063944942e-06,2.9957277863923437e-06
0.3,1.0,128,2880,shared control-free history; seed(e-1) known at freeze; seed(e) first mature at epoch_start-1,0;0.5;1;2,0,0,0.0,0.0315,0.0,2,0,1000000,0.0,4.235164736271502e-22,3.841444063944942e-06,2.9957277863923437e-06
0.3,1.0,256,2880,shared control-free history; seed(e-1) known at freeze; seed(e) first mature at epoch_start-1,0;0.5;1;2,0,0,0.0,0.0315,0.0,2,0,1000000,0.0,4.235164736271502e-22,3.841444063944942e-06,2.9957277863923437e-06
0.3,1.0,512,2880,shared control-free history; seed(e-1) known at freeze; seed(e) first mature at epoch_start-1,0;0.5;1;2,0,0,0.0,0.0315,0.0,2,0,1000000,0.0,4.235164736271502e-22,3.841444063944942e-06,2.9957277863923437e-06
0.3,1.0,1024,2880,shared control-free history; seed(e-1) known at freeze; seed(e) first mature at epoch_start-1,0;0.5;1;2,0,0,0.0,0.0315,0.0,2,0,1000000,0.0,4.235164736271502e-22,3.841444063944942e-06,2.9957277863923437e-06
0.3,1.0,2048,2880,shared control-free history; seed(e-1) known at freeze; seed(e) first mature at epoch_start-1,0;0.5;1;2,0,0,0.0,0.0315,0.0,2,0,1000000,0.0,4.235164736271502e-22,3.841444063944942e-06,2.9957277863923437e-06
0.3,1.0,4096,2880,shared control-free history; seed(e-1) known at freeze; seed(e) first mature at epoch_start-1,0;0.5;1;2,0,0,0.0,0.0315,0.0,2,0,1000000,0.0,4.235164736271502e-22,3.841444063944942e-06,2.9957277863923437e-06
0.3,1.0,7200,2880,shared control-free history; seed(e-1) known at freeze; seed(e) first mature at epoch_start-1,0;0.5;1;2,0,0,0.0,0.0315,0.0,2,0,1000000,0.0,4.235164736271502e-22,3.841444063944942e-06,2.9957277863923437e-06
0.3,0.7,4,2880,shared control-free history; seed(e-1) known at freeze; seed(e) first mature at epoch_start-1,0;0.5;1;2,0,0,0.0,0.022049999999999997,0.0,2,0,1000000,0.0,4.235164736271502e-22,3.841444063944942e-06,2.9957277863923437e-06
0.3,0.7,8,2880,shared control-free history; seed(e-1) known at freeze; seed(e) first mature at epoch_start-1,0;0.5;1;2,0,0,0.0,0.022049999999999997,0.0,2,0,1000000,0.0,4.235164736271502e-22,3.841444063944942e-06,2.9957277863923437e-06
0.3,0.7,16,2880,shared control-free history; seed(e-1) known at freeze; seed(e) first mature at epoch_start-1,0;0.5;1;2,0,0,0.0,0.022049999999999997,0.0,2,0,1000000,0.0,4.235164736271502e-22,3.841444063944942e-06,2.9957277863923437e-06
0.3,0.7,32,2880,shared control-free history; seed(e-1) known at freeze; seed(e) first mature at epoch_start-1,0;0.5;1;2,0,0,0.0,0.022049999999999997,0.0,2,0,1000000,0.0,4.235164736271502e-22,3.841444063944942e-06,2.9957277863923437e-06
0.3,0.7,64,2880,shared control-free history; seed(e-1) known at freeze; seed(e) first mature at epoch_start-1,0;0.5;1;2,0,0,0.0,0.022049999999999997,0.0,2,0,1000000,0.0,4.235164736271502e-22,3.841444063944942e-06,2.9957277863923437e-06
0.3,0.7,128,2880,shared control-free history; seed(e-1) known at freeze; seed(e) first mature at epoch_start-1,0;0.5;1;2,0,0,0.0,0.022049999999999997,0.0,2,0,1000000,0.0,4.235164736271502e-22,3.841444063944942e-06,2.9957277863923437e-06
0.3,0.7,256,2880,shared control-free history; seed(e-1) known at freeze; seed(e) first mature at epoch_start-1,0;0.5;1;2,0,0,0.0,0.022049999999999997,0.0,2,0,1000000,0.0,4.235164736271502e-22,3.841444063944942e-06,2.9957277863923437e-06
0.3,0.7,512,2880,shared control-free history; seed(e-1) known at freeze; seed(e) first mature at epoch_start-1,0;0.5;1;2,0,0,0.0,0.022049999999999997,0.0,2,0,1000000,0.0,4.235164736271502e-22,3.841444063944942e-06,2.9957277863923437e-06
0.3,0.7,1024,2880,shared control-free history; seed(e-1) known at freeze; seed(e) first mature at epoch_start-1,0;0.5;1;2,0,0,0.0,0.022049999999999997,0.0,2,0,1000000,0.0,4.235164736271502e-22,3.841444063944942e-06,2.9957277863923437e-06
0.3,0.7,2048,2880,shared control-free history; seed(e-1) known at freeze; seed(e) first mature at epoch_start-1,0;0.5;1;2,0,0,0.0,0.022049999999999997,0.0,2,0,1000000,0.0,4.235164736271502e-22,3.841444063944942e-06,2.9957277863923437e-06
0.3,0.7,4096,2880,shared control-free history; seed(e-1) known at freeze; seed(e) first mature at epoch_start-1,0;0.5;1;2,0,0,0.0,0.022049999999999997,0.0,2,0,1000000,0.0,4.235164736271502e-22,3.841444063944942e-06,2.9957277863923437e-06
0.3,0.7,7200,2880,shared control-free history; seed(e-1) known at freeze; seed(e) first mature at epoch_start-1,0;0.5;1;2,0,0,0.0,0.022049999999999997,0.0,2,0,1000000,0.0,4.235164736271502e-22,3.841444063944942e-06,2.9957277863923437e-06
0.3,0.4,4,2880,shared control-free history; seed(e-1) known at freeze; seed(e) first mature at epoch_start-1,0;0.5;1;2,0,0,0.0,0.012599999999999998,0.0,2,0,1000000,0.0,4.235164736271502e-22,3.841444063944942e-06,2.9957277863923437e-06
0.3,0.4,8,2880,shared control-free history; seed(e-1) known at freeze; seed(e) first mature at epoch_start-1,0;0.5;1;2,0,0,0.0,0.012599999999999998,0.0,2,0,1000000,0.0,4.235164736271502e-22,3.841444063944942e-06,2.9957277863923437e-06
0.3,0.4,16,2880,shared control-free history; seed(e-1) known at freeze; seed(e) first mature at epoch_start-1,0;0.5;1;2,0,0,0.0,0.012599999999999998,0.0,2,0,1000000,0.0,4.235164736271502e-22,3.841444063944942e-06,2.9957277863923437e-06
0.3,0.4,32,2880,shared control-free history; seed(e-1) known at freeze; seed(e) first mature at epoch_start-1,0;0.5;1;2,0,0,0.0,0.012599999999999998,0.0,2,0,1000000,0.0,4.235164736271502e-22,3.841444063944942e-06,2.9957277863923437e-06
0.3,0.4,64,2880,shared control-free history; seed(e-1) known at freeze; seed(e) first mature at epoch_start-1,0;0.5;1;2,0,0,0.0,0.012599999999999998,0.0,2,0,1000000,0.0,4.235164736271502e-22,3.841444063944942e-06,2.9957277863923437e-06
0.3,0.4,128,2880,shared control-free history; seed(e-1) known at freeze; seed(e) first mature at epoch_start-1,0;0.5;1;2,0,0,0.0,0.012599999999999998,0.0,2,0,1000000,0.0,4.235164736271502e-22,3.841444063944942e-06,2.9957277863923437e-06
0.3,0.4,256,2880,shared control-free history; seed(e-1) known at freeze; seed(e) first mature at epoch_start-1,0;0.5;1;2,0,0,0.0,0.012599999999999998,0.0,2,0,1000000,0.0,4.235164736271502e-22,3.841444063944942e-06,2.9957277863923437e-06
0.3,0.4,512,2880,shared control-free history; seed(e-1) known at freeze; seed(e) first mature at epoch_start-1,0;0.5;1;2,0,0,0.0,0.012599999999999998,0.0,2,0,1000000,0.0,4.235164736271502e-22,3.841444063944942e-06,2.9957277863923437e-06
0.3,0.4,1024,2880,shared control-free history; seed(e-1) known at freeze; seed(e) first mature at epoch_start-1,0;0.5;1;2,0,0,0.0,0.012599999999999998,0.0,2,0,1000000,0.0,4.235164736271502e-22,3.841444063944942e-06,2.9957277863923437e-06
0.3,0.4,2048,2880,shared control-free history; seed(e-1) known at freeze; seed(e) first mature at epoch_start-1,0;0.5;1;2,0,0,0.0,0.012599999999999998,0.0,2,0,1000000,0.0,4.235164736271502e-22,3.841444063944942e-06,2.9957277863923437e-06
0.3,0.4,4096,2880,shared control-free history; seed(e-1) known at freeze; seed(e) first mature at epoch_start-1,0;0.5;1;2,0,0,0.0,0.012599999999999998,0.0,2,0,1000000,0.0,4.235164736271502e-22,3.841444063944942e-06,2.9957277863923437e-06
0.3,0.4,7200,2880,shared control-free history; seed(e-1) known at freeze; seed(e) first mature at epoch_start-1,0;0.5;1;2,0,0,0.0,0.012599999999999998,0.0,2,0,1000000,0.0,4.235164736271502e-22,3.841444063944942e-06,2.9957277863923437e-06
0.3,0.2,4,2880,shared control-free history; seed(e-1) known at freeze; seed(e) first mature at epoch_start-1,0;0.5;1;2,0,1000000,1.0,0.006299999999999999,0.006299999999999999,2,6415,1000000,0.006415,0.006260408460437699,0.006573383697898907,
0.3,0.2,8,2880,shared control-free history; seed(e-1) known at freeze; seed(e) first mature at epoch_start-1,0;0.5;1;2,0,1000000,1.0,0.006299999999999999,0.006299999999999999,2,6415,1000000,0.006415,0.006260408460437699,0.006573383697898907,
0.3,0.2,16,2880,shared control-free history; seed(e-1) known at freeze; seed(e) first mature at epoch_start-1,0;0.5;1;2,0,1000000,1.0,0.006299999999999999,0.006299999999999999,2,6415,1000000,0.006415,0.006260408460437699,0.006573383697898907,
0.3,0.2,32,2880,shared control-free history; seed(e-1) known at freeze; seed(e) first mature at epoch_start-1,0;0.5;1;2,0,1000000,1.0,0.006299999999999999,0.006299999999999999,2,6415,1000000,0.006415,0.006260408460437699,0.006573383697898907,
0.3,0.2,64,2880,shared control-free history; seed(e-1) known at freeze; seed(e) first mature at epoch_start-1,0;0.5;1;2,0,1000000,1.0,0.006299999999999999,0.006299999999999999,2,6415,1000000,0.006415,0.006260408460437699,0.006573383697898907,
0.3,0.2,128,2880,shared control-free history; seed(e-1) known at freeze; seed(e) first mature at epoch_start-1,0;0.5;1;2,0,1000000,1.0,0.006299999999999999,0.006299999999999999,2,6415,1000000,0.006415,0.006260408460437699,0.006573383697898907,
0.3,0.2,256,2880,shared control-free history; seed(e-1) known at freeze; seed(e) first mature at epoch_start-1,0;0.5;1;2,0,1000000,1.0,0.006299999999999999,0.006299999999999999,2,6415,1000000,0.006415,0.006260408460437699,0.006573383697898907,
0.3,0.2,512,2880,shared control-free history; seed(e-1) known at freeze; seed(e) first mature at epoch_start-1,0;0.5;1;2,0,1000000,1.0,0.006299999999999999,0.006299999999999999,2,6415,1000000,0.006415,0.006260408460437699,0.006573383697898907,
0.3,0.2,1024,2880,shared control-free history; seed(e-1) known at freeze; seed(e) first mature at epoch_start-1,0;0.5;1;2,0,1000000,1.0,0.006299999999999999,0.006299999999999999,2,6415,1000000,0.006415,0.006260408460437699,0.006573383697898907,
0.3,0.2,2048,2880,shared control-free history; seed(e-1) known at freeze; seed(e) first mature at epoch_start-1,0;0.5;1;2,0,1000000,1.0,0.006299999999999999,0.006299999999999999,2,6415,1000000,0.006415,0.006260408460437699,0.006573383697898907,
0.3,0.2,4096,2880,shared control-free history; seed(e-1) known at freeze; seed(e) first mature at epoch_start-1,0;0.5;1;2,0,1000000,1.0,0.006299999999999999,0.006299999999999999,2,6415,1000000,0.006415,0.006260408460437699,0.006573383697898907,
0.3,0.2,7200,2880,shared control-free history; seed(e-1) known at freeze; seed(e) first mature at epoch_start-1,0;0.5;1;2,0,2157,0.002157,0.006299999999999999,1.3589099999999998e-05,2,12,1000000,1.2e-05,6.8647726157685394e-06,2.097657925351887e-05,
