beta,u,h,alpha,f,delay,d,reduced_good,reduced_bad,epsilon,horizon,q_paths,N_v06_status,conditional_status,reason,active_barrier_n,z,pgf,registry_min_blocks_conditional,K_barrier_slots,growth_slots,K_reg_slots_guard0,K_reg_slots_guard6000,K_reg_hours_tau6,cp_component_bound,active_count_component_bound,growth_component_bound,composed_conditional_bound,observation_horizon,horizon_iterations
0.1,1.0,0.9,0.0,1.0,0.0,0,0.9,0.09999999999999998,1e-06,14816,1,UNKNOWN,CONDITIONAL,,120,1.2419023966096874,2.18589904777997,121,121,172,414,1,0.69,1.6590720561404765e-07,0.0,1.101180951642712e-07,6.078397120064141e-07,14400,2
0.1,1.0,0.9,0.0,1.0,0.0,0,0.9,0.09999999999999998,1e-06,14905,256,UNKNOWN,CONDITIONAL,,146,1.2409565530239037,2.1266698050629964,147,147,209,503,1,0.8383333333333334,1.662692000531073e-07,0.0,1.101188515984276e-07,6.089264517577495e-07,14400,2
0.1,1.0,0.9,0.0,1.0,0.0,0,0.9,0.09999999999999998,1e-09,14926,1,UNKNOWN,CONDITIONAL,,152,1.2416659357132414,2.1668483759639194,153,153,218,524,1,0.8733333333333333,1.663594292118598e-10,0.0,7.234456180280031e-11,5.714228494383797e-10,14400,2
0.1,1.0,0.9,0.0,1.0,0.0,0,0.9,0.09999999999999998,1e-09,15015,256,UNKNOWN,CONDITIONAL,,178,1.2410747834721267,2.1323528213130962,179,179,255,613,1,1.0216666666666667,1.6503991288973946e-10,0.0,7.234273827603345e-11,5.674624769452519e-10,14400,2
0.1,1.0,0.9,0.0,1.0,0.0,0,0.9,0.09999999999999998,1e-12,15035,1,UNKNOWN,CONDITIONAL,,184,1.2416659357132414,2.1668483759639194,185,185,263,633,1,1.055,1.6445795376328671e-13,0.0,1.4131256098137432e-13,6.346864222712345e-13,14400,2
0.1,1.0,0.9,0.0,1.0,0.0,0,0.9,0.09999999999999998,1e-12,15124,256,UNKNOWN,CONDITIONAL,,210,1.2410747834721267,2.1323528213130962,211,211,300,722,1,1.2033333333333334,1.6565168861462582e-13,0.0,1.4130055978777028e-13,6.382556256316478e-13,14400,2
0.1,1.0,0.9,0.0,1.0,0.5,0,0.9,0.09999999999999998,1e-06,14816,1,UNKNOWN,CONDITIONAL,,120,1.2419023966096874,2.18589904777997,121,121,172,414,1,0.69,1.6590720561404765e-07,0.0,1.101180951642712e-07,6.078397120064141e-07,14400,2
0.1,1.0,0.9,0.0,1.0,0.5,0,0.9,0.09999999999999998,1e-06,14905,256,UNKNOWN,CONDITIONAL,,146,1.2409565530239037,2.1266698050629964,147,147,209,503,1,0.8383333333333334,1.662692000531073e-07,0.0,1.101188515984276e-07,6.089264517577495e-07,14400,2
0.1,1.0,0.9,0.0,1.0,0.5,0,0.9,0.09999999999999998,1e-09,14926,1,UNKNOWN,CONDITIONAL,,152,1.2416659357132414,2.1668483759639194,153,153,218,524,1,0.8733333333333333,1.663594292118598e-10,0.0,7.234456180280031e-11,5.714228494383797e-10,14400,2
0.1,1.0,0.9,0.0,1.0,0.5,0,0.9,0.09999999999999998,1e-09,15015,256,UNKNOWN,CONDITIONAL,,178,1.2410747834721267,2.1323528213130962,179,179,255,613,1,1.0216666666666667,1.6503991288973946e-10,0.0,7.234273827603345e-11,5.674624769452519e-10,14400,2
0.1,1.0,0.9,0.0,1.0,0.5,0,0.9,0.09999999999999998,1e-12,15035,1,UNKNOWN,CONDITIONAL,,184,1.2416659357132414,2.1668483759639194,185,185,263,633,1,1.055,1.6445795376328671e-13,0.0,1.4131256098137432e-13,6.346864222712345e-13,14400,2
0.1,1.0,0.9,0.0,1.0,0.5,0,0.9,0.09999999999999998,1e-12,15124,256,UNKNOWN,CONDITIONAL,,210,1.2410747834721267,2.1323528213130962,211,211,300,722,1,1.2033333333333334,1.6565168861462582e-13,0.0,1.4130055978777028e-13,6.382556256316478e-13,14400,2
0.1,1.0,0.9,0.0,1.0,1.0,1,0.0,1.0,1e-06,14400,1,UNKNOWN,NO_CERTIFICATE,DELAY_REDUCTION_LOOSE,,,,,,,,,,,,,,14400,1
0.1,1.0,0.9,0.0,1.0,1.0,1,0.0,1.0,1e-06,14400,256,UNKNOWN,NO_CERTIFICATE,DELAY_REDUCTION_LOOSE,,,,,,,,,,,,,,14400,1
0.1,1.0,0.9,0.0,1.0,1.0,1,0.0,1.0,1e-09,14400,1,UNKNOWN,NO_CERTIFICATE,DELAY_REDUCTION_LOOSE,,,,,,,,,,,,,,14400,1
0.1,1.0,0.9,0.0,1.0,1.0,1,0.0,1.0,1e-09,14400,256,UNKNOWN,NO_CERTIFICATE,DELAY_REDUCTION_LOOSE,,,,,,,,,,,,,,14400,1
0.1,1.0,0.9,0.0,1.0,1.0,1,0.0,1.0,1e-12,14400,1,UNKNOWN,NO_CERTIFICATE,DELAY_REDUCTION_LOOSE,,,,,,,,,,,,,,14400,1
0.1,1.0,0.9,0.0,1.0,1.0,1,0.0,1.0,1e-12,14400,256,UNKNOWN,NO_CERTIFICATE,DELAY_REDUCTION_LOOSE,,,,,,,,,,,,,,14400,1
0.1,1.0,0.9,0.0,1.0,2.0,2,0.0,1.0,1e-06,14400,1,UNKNOWN,NO_CERTIFICATE,DELAY_REDUCTION_LOOSE,,,,,,,,,,,,,,14400,1
0.1,1.0,0.9,0.0,1.0,2.0,2,0.0,1.0,1e-06,14400,256,UNKNOWN,NO_CERTIFICATE,DELAY_REDUCTION_LOOSE,,,,,,,,,,,,,,14400,1
0.1,1.0,0.9,0.0,1.0,2.0,2,0.0,1.0,1e-09,14400,1,UNKNOWN,NO_CERTIFICATE,DELAY_REDUCTION_LOOSE,,,,,,,,,,,,,,14400,1
0.1,1.0,0.9,0.0,1.0,2.0,2,0.0,1.0,1e-09,14400,256,UNKNOWN,NO_CERTIFICATE,DELAY_REDUCTION_LOOSE,,,,,,,,,,,,,,14400,1
0.1,1.0,0.9,0.0,1.0,2.0,2,0.0,1.0,1e-12,14400,1,UNKNOWN,NO_CERTIFICATE,DELAY_REDUCTION_LOOSE,,,,,,,,,,,,,,14400,1
0.1,1.0,0.9,0.0,1.0,2.0,2,0.0,1.0,1e-12,14400,256,UNKNOWN,NO_CERTIFICATE,DELAY_REDUCTION_LOOSE,,,,,,,,,,,,,,14400,1
0.1,0.7,0.63,0.2700000000000001,0.73,0.0,0,0.863013698630137,0.136986301369863,1e-06,15430,1,UNKNOWN,CONDITIONAL,,174,1.161221309280325,2.1153868383336634,175,320,388,1028,1,1.7133333333333334,1.654040998085227e-07,1.1325709124341488e-07,1.2306223115431433e-07,8.457887130667123e-07,14400,2
0.1,0.7,0.63,0.2700000000000001,0.73,0.0,0,0.863013698630137,0.136986301369863,1e-06,15648,256,UNKNOWN,CONDITIONAL,,211,1.1614579326290362,2.1477798179548717,212,388,470,1246,1,2.0766666666666667,1.6555920326218942e-07,1.3762873126858075e-07,1.45829931091267e-07,9.177650034149967e-07,14400,2
0.1,0.7,0.63,0.2700000000000001,0.73,0.0,0,0.863013698630137,0.136986301369863,1e-09,15706,1,UNKNOWN,CONDITIONAL,,221,1.1605903136837614,2.0628946527412766,222,406,492,1304,1,2.1733333333333333,1.6462528781193185e-10,1.544955787265983e-10,1.420322544172715e-10,9.448992753062635e-10,14400,3
0.1,0.7,0.63,0.2700000000000001,0.73,0.0,0,0.863013698630137,0.136986301369863,1e-09,15927,256,UNKNOWN,CONDITIONAL,,258,1.1608269370324729,2.079679735033236,259,475,575,1525,1,2.5416666666666665,1.6533364666453507e-10,1.1082680955035519e-10,1.1338999890436942e-10,8.310445579986851e-10,14400,3
0.1,0.7,0.63,0.2700000000000001,0.73,0.0,0,0.863013698630137,0.136986301369863,1e-12,15979,1,UNKNOWN,CONDITIONAL,,267,1.1609846859316137,2.092450764350792,268,491,595,1577,1,2.6283333333333334,1.6425995522252298e-13,1.5664672648114403e-13,1.172560632409987e-13,9.233293818708557e-13,14400,3
0.1,0.7,0.63,0.2700000000000001,0.73,0.0,0,0.863013698630137,0.136986301369863,1e-12,16199,256,UNKNOWN,CONDITIONAL,,304,1.1611424348307544,2.1070824530098524,305,560,677,1797,1,2.995,1.6451997014233932e-13,1.1228751337078348e-13,1.3891244966767758e-13,8.570473868362625e-13,14400,3
0.1,0.7,0.63,0.2700000000000001,0.73,0.5,0,0.863013698630137,0.136986301369863,1e-06,15430,1,UNKNOWN,CONDITIONAL,,174,1.161221309280325,2.1153868383336634,175,320,388,1028,1,1.7133333333333334,1.654040998085227e-07,1.1325709124341488e-07,1.2306223115431433e-07,8.457887130667123e-07,14400,2
0.1,0.7,0.63,0.2700000000000001,0.73,0.5,0,0.863013698630137,0.136986301369863,1e-06,15648,256,UNKNOWN,CONDITIONAL,,211,1.1614579326290362,2.1477798179548717,212,388,470,1246,1,2.0766666666666667,1.6555920326218942e-07,1.3762873126858075e-07,1.45829931091267e-07,9.177650034149967e-07,14400,2
0.1,0.7,0.63,0.2700000000000001,0.73,0.5,0,0.863013698630137,0.136986301369863,1e-09,15706,1,UNKNOWN,CONDITIONAL,,221,1.1605903136837614,2.0628946527412766,222,406,492,1304,1,2.1733333333333333,1.6462528781193185e-10,1.544955787265983e-10,1.420322544172715e-10,9.448992753062635e-10,14400,3
0.1,0.7,0.63,0.2700000000000001,0.73,0.5,0,0.863013698630137,0.136986301369863,1e-09,15927,256,UNKNOWN,CONDITIONAL,,258,1.1608269370324729,2.079679735033236,259,475,575,1525,1,2.5416666666666665,1.6533364666453507e-10,1.1082680955035519e-10,1.1338999890436942e-10,8.310445579986851e-10,14400,3
0.1,0.7,0.63,0.2700000000000001,0.73,0.5,0,0.863013698630137,0.136986301369863,1e-12,15979,1,UNKNOWN,CONDITIONAL,,267,1.1609846859316137,2.092450764350792,268,491,595,1577,1,2.6283333333333334,1.6425995522252298e-13,1.5664672648114403e-13,1.172560632409987e-13,9.233293818708557e-13,14400,3
0.1,0.7,0.63,0.2700000000000001,0.73,0.5,0,0.863013698630137,0.136986301369863,1e-12,16199,256,UNKNOWN,CONDITIONAL,,304,1.1611424348307544,2.1070824530098524,305,560,677,1797,1,2.995,1.6451997014233932e-13,1.1228751337078348e-13,1.3891244966767758e-13,8.570473868362625e-13,14400,3
0.1,0.7,0.63,0.2700000000000001,0.73,1.0,1,0.23301369863013702,0.766986301369863,1e-06,14400,1,UNKNOWN,NO_CERTIFICATE,DELAY_REDUCTION_LOOSE,,,,,,,,,,,,,,14400,1
0.1,0.7,0.63,0.2700000000000001,0.73,1.0,1,0.23301369863013702,0.766986301369863,1e-06,14400,256,UNKNOWN,NO_CERTIFICATE,DELAY_REDUCTION_LOOSE,,,,,,,,,,,,,,14400,1
0.1,0.7,0.63,0.2700000000000001,0.73,1.0,1,0.23301369863013702,0.766986301369863,1e-09,14400,1,UNKNOWN,NO_CERTIFICATE,DELAY_REDUCTION_LOOSE,,,,,,,,,,,,,,14400,1
0.1,0.7,0.63,0.2700000000000001,0.73,1.0,1,0.23301369863013702,0.766986301369863,1e-09,14400,256,UNKNOWN,NO_CERTIFICATE,DELAY_REDUCTION_LOOSE,,,,,,,,,,,,,,14400,1
0.1,0.7,0.63,0.2700000000000001,0.73,1.0,1,0.23301369863013702,0.766986301369863,1e-12,14400,1,UNKNOWN,NO_CERTIFICATE,DELAY_REDUCTION_LOOSE,,,,,,,,,,,,,,14400,1
0.1,0.7,0.63,0.2700000000000001,0.73,1.0,1,0.23301369863013702,0.766986301369863,1e-12,14400,256,UNKNOWN,NO_CERTIFICATE,DELAY_REDUCTION_LOOSE,,,,,,,,,,,,,,14400,1
0.1,0.7,0.63,0.2700000000000001,0.73,2.0,2,0.06291369863013699,0.937086301369863,1e-06,14400,1,UNKNOWN,NO_CERTIFICATE,DELAY_REDUCTION_LOOSE,,,,,,,,,,,,,,14400,1
0.1,0.7,0.63,0.2700000000000001,0.73,2.0,2,0.06291369863013699,0.937086301369863,1e-06,14400,256,UNKNOWN,NO_CERTIFICATE,DELAY_REDUCTION_LOOSE,,,,,,,,,,,,,,14400,1
0.1,0.7,0.63,0.2700000000000001,0.73,2.0,2,0.06291369863013699,0.937086301369863,1e-09,14400,1,UNKNOWN,NO_CERTIFICATE,DELAY_REDUCTION_LOOSE,,,,,,,,,,,,,,14400,1
0.1,0.7,0.63,0.2700000000000001,0.73,2.0,2,0.06291369863013699,0.937086301369863,1e-09,14400,256,UNKNOWN,NO_CERTIFICATE,DELAY_REDUCTION_LOOSE,,,,,,,,,,,,,,14400,1
0.1,0.7,0.63,0.2700000000000001,0.73,2.0,2,0.06291369863013699,0.937086301369863,1e-12,14400,1,UNKNOWN,NO_CERTIFICATE,DELAY_REDUCTION_LOOSE,,,,,,,,,,,,,,14400,1
0.1,0.7,0.63,0.2700000000000001,0.73,2.0,2,0.06291369863013699,0.937086301369863,1e-12,14400,256,UNKNOWN,NO_CERTIFICATE,DELAY_REDUCTION_LOOSE,,,,,,,,,,,,,,14400,1
0.1,0.4,0.36000000000000004,0.54,0.4600000000000001,0.0,0,0.7826086956521738,0.21739130434782616,1e-06,18107,1,UNKNOWN,CONDITIONAL,,398,1.0678595524867038,2.0468784923327203,399,1120,1465,3705,1,6.175,1.6607797848525063e-07,1.6526438291952907e-07,1.5316204856165558e-07,9.819247498564657e-07,14400,3
0.1,0.4,0.36000000000000004,0.54,0.4600000000000001,0.0,0,0.7826086956521738,0.21739130434782616,1e-06,18902,256,UNKNOWN,CONDITIONAL,,483,1.0678927677279662,2.0556131729124227,484,1361,1778,4500,1,7.5,1.6551465323982337e-07,1.485257335701638e-07,1.594406719044305e-07,9.530360987642283e-07,14400,3
0.1,0.4,0.36000000000000004,0.54,0.4600000000000001,0.0,0,0.7826086956521738,0.21739130434782616,1e-09,19098,1,UNKNOWN,CONDITIONAL,,504,1.0678595524867038,2.0468784923327203,505,1420,1856,4696,1,7.826666666666667,1.663239990303018e-10,1.580993243516227e-10,1.4658480870275534e-10,9.617554544969062e-10,14400,4
0.1,0.4,0.36000000000000004,0.54,0.4600000000000001,0.0,0,0.7826086956521738,0.21739130434782616,1e-09,19893,256,UNKNOWN,CONDITIONAL,,589,1.0678927677279662,2.0556131729124227,590,1661,2169,5491,1,9.151666666666667,1.6485365225398347e-10,1.4171124652782077e-10,1.5222738535047734e-10,9.302108351680694e-10,14400,3
0.1,0.4,0.36000000000000004,0.54,0.4600000000000001,0.0,0,0.7826086956521738,0.21739130434782616,1e-12,20079,1,UNKNOWN,CONDITIONAL,,609,1.068025628693015,2.107322676623083,610,1717,2243,5677,1,9.461666666666666,1.6604793442211302e-13,1.659653480817262e-13,1.5544855112368728e-13,9.855230505534787e-13,14400,3
0.1,0.4,0.36000000000000004,0.54,0.4600000000000001,0.0,0,0.7826086956521738,0.21739130434782616,1e-12,20874,256,UNKNOWN,CONDITIONAL,,694,1.0679924134517527,2.0898004066327083,695,1958,2556,6472,472,10.786666666666667,1.665873782006482e-13,1.4843905283532187e-13,1.6110423699080969e-13,9.57744477263398e-13,14400,3
0.1,0.4,0.36000000000000004,0.54,0.4600000000000001,0.5,0,0.7826086956521738,0.21739130434782616,1e-06,18107,1,UNKNOWN,CONDITIONAL,,398,1.0678595524867038,2.0468784923327203,399,1120,1465,3705,1,6.175,1.6607797848525063e-07,1.6526438291952907e-07,1.5316204856165558e-07,9.819247498564657e-07,14400,3
0.1,0.4,0.36000000000000004,0.54,0.4600000000000001,0.5,0,0.7826086956521738,0.21739130434782616,1e-06,18902,256,UNKNOWN,CONDITIONAL,,483,1.0678927677279662,2.0556131729124227,484,1361,1778,4500,1,7.5,1.6551465323982337e-07,1.485257335701638e-07,1.594406719044305e-07,9.530360987642283e-07,14400,3
0.1,0.4,0.36000000000000004,0.54,0.4600000000000001,0.5,0,0.7826086956521738,0.21739130434782616,1e-09,19098,1,UNKNOWN,CONDITIONAL,,504,1.0678595524867038,2.0468784923327203,505,1420,1856,4696,1,7.826666666666667,1.663239990303018e-10,1.580993243516227e-10,1.4658480870275534e-10,9.617554544969062e-10,14400,4
0.1,0.4,0.36000000000000004,0.54,0.4600000000000001,0.5,0,0.7826086956521738,0.21739130434782616,1e-09,19893,256,UNKNOWN,CONDITIONAL,,589,1.0678927677279662,2.0556131729124227,590,1661,2169,5491,1,9.151666666666667,1.6485365225398347e-10,1.4171124652782077e-10,1.5222738535047734e-10,9.302108351680694e-10,14400,3
0.1,0.4,0.36000000000000004,0.54,0.4600000000000001,0.5,0,0.7826086956521738,0.21739130434782616,1e-12,20079,1,UNKNOWN,CONDITIONAL,,609,1.068025628693015,2.107322676623083,610,1717,2243,5677,1,9.461666666666666,1.6604793442211302e-13,1.659653480817262e-13,1.5544855112368728e-13,9.855230505534787e-13,14400,3
0.1,0.4,0.36000000000000004,0.54,0.4600000000000001,0.5,0,0.7826086956521738,0.21739130434782616,1e-12,20874,256,UNKNOWN,CONDITIONAL,,694,1.0679924134517527,2.0898004066327083,695,1958,2556,6472,472,10.786666666666667,1.665873782006482e-13,1.4843905283532187e-13,1.6110423699080969e-13,9.57744477263398e-13,14400,3
0.1,0.4,0.36000000000000004,0.54,0.4600000000000001,1.0,1,0.4226086956521738,0.5773913043478263,1e-06,14400,1,UNKNOWN,NO_CERTIFICATE,DELAY_REDUCTION_LOOSE,,,,,,,,,,,,,,14400,1
0.1,0.4,0.36000000000000004,0.54,0.4600000000000001,1.0,1,0.4226086956521738,0.5773913043478263,1e-06,14400,256,UNKNOWN,NO_CERTIFICATE,DELAY_REDUCTION_LOOSE,,,,,,,,,,,,,,14400,1
0.1,0.4,0.36000000000000004,0.54,0.4600000000000001,1.0,1,0.4226086956521738,0.5773913043478263,1e-09,14400,1,UNKNOWN,NO_CERTIFICATE,DELAY_REDUCTION_LOOSE,,,,,,,,,,,,,,14400,1
0.1,0.4,0.36000000000000004,0.54,0.4600000000000001,1.0,1,0.4226086956521738,0.5773913043478263,1e-09,14400,256,UNKNOWN,NO_CERTIFICATE,DELAY_REDUCTION_LOOSE,,,,,,,,,,,,,,14400,1
0.1,0.4,0.36000000000000004,0.54,0.4600000000000001,1.0,1,0.4226086956521738,0.5773913043478263,1e-12,14400,1,UNKNOWN,NO_CERTIFICATE,DELAY_REDUCTION_LOOSE,,,,,,,,,,,,,,14400,1
0.1,0.4,0.36000000000000004,0.54,0.4600000000000001,1.0,1,0.4226086956521738,0.5773913043478263,1e-12,14400,256,UNKNOWN,NO_CERTIFICATE,DELAY_REDUCTION_LOOSE,,,,,,,,,,,,,,14400,1
0.1,0.4,0.36000000000000004,0.54,0.4600000000000001,2.0,2,0.22820869565217383,0.7717913043478262,1e-06,14400,1,UNKNOWN,NO_CERTIFICATE,DELAY_REDUCTION_LOOSE,,,,,,,,,,,,,,14400,1
0.1,0.4,0.36000000000000004,0.54,0.4600000000000001,2.0,2,0.22820869565217383,0.7717913043478262,1e-06,14400,256,UNKNOWN,NO_CERTIFICATE,DELAY_REDUCTION_LOOSE,,,,,,,,,,,,,,14400,1
0.1,0.4,0.36000000000000004,0.54,0.4600000000000001,2.0,2,0.22820869565217383,0.7717913043478262,1e-09,14400,1,UNKNOWN,NO_CERTIFICATE,DELAY_REDUCTION_LOOSE,,,,,,,,,,,,,,14400,1
0.1,0.4,0.36000000000000004,0.54,0.4600000000000001,2.0,2,0.22820869565217383,0.7717913043478262,1e-09,14400,256,UNKNOWN,NO_CERTIFICATE,DELAY_REDUCTION_LOOSE,,,,,,,,,,,,,,14400,1
0.1,0.4,0.36000000000000004,0.54,0.4600000000000001,2.0,2,0.22820869565217383,0.7717913043478262,1e-12,14400,1,UNKNOWN,NO_CERTIFICATE,DELAY_REDUCTION_LOOSE,,,,,,,,,,,,,,14400,1
0.1,0.4,0.36000000000000004,0.54,0.4600000000000001,2.0,2,0.22820869565217383,0.7717913043478262,1e-12,14400,256,UNKNOWN,NO_CERTIFICATE,DELAY_REDUCTION_LOOSE,,,,,,,,,,,,,,14400,1
0.1,0.2,0.18000000000000002,0.7200000000000001,0.28,0.0,0,0.6428571428571429,0.3571428571428571,1e-06,57316,1,UNKNOWN,CONDITIONAL,,3014,1.0090903334337322,2.030070421245186,3015,12030,18854,42914,36914,71.52333333333333,1.6619911521398174e-07,1.6085458687510113e-07,1.6630163055062842e-07,9.866081499427759e-07,14400,4
0.1,0.2,0.18000000000000002,0.7200000000000001,0.28,0.0,0,0.6428571428571429,0.3571428571428571,1e-06,66270,256,UNKNOWN,CONDITIONAL,,3642,1.0090947741882639,2.0481776223452517,3643,14540,22788,51868,45868,86.44666666666667,1.6624049337135168e-07,1.6640438577976644e-07,1.6473872486631743e-07,9.962689765399054e-07,14400,4
0.1,0.2,0.18000000000000002,0.7200000000000001,0.28,0.0,0,0.6428571428571429,0.3571428571428571,1e-09,68467,1,UNKNOWN,CONDITIONAL,,3796,1.0090947741882639,2.0481776223452517,3797,15156,23753,54065,48065,90.10833333333333,1.6639481522454924e-10,1.64475292341259e-10,1.6315132201249994e-10,9.912863523686657e-10,14400,4
0.1,0.2,0.18000000000000002,0.7200000000000001,0.28,0.0,0,0.6428571428571429,0.3571428571428571,1e-09,77394,256,UNKNOWN,CONDITIONAL,,4422,1.0090947741882639,2.0481776223452517,4423,17659,27674,62992,56992,104.98666666666666,1.664181189962554e-10,1.6269234651379283e-10,1.6269999595980889e-10,9.873390459761606e-10,14400,5
0.1,0.2,0.18000000000000002,0.7200000000000001,0.28,0.0,0,0.6428571428571429,0.3571428571428571,1e-12,79588,1,UNKNOWN,CONDITIONAL,,4576,1.0090947741882639,2.0481776223452517,4577,18274,28638,65186,59186,108.64333333333333,1.6579810001288537e-13,1.666344297582811e-13,1.6431860495808596e-13,9.949817645133042e-13,14400,4
0.1,0.2,0.18000000000000002,0.7200000000000001,0.28,0.0,0,0.6428571428571429,0.3571428571428571,1e-12,88486,256,UNKNOWN,CONDITIONAL,,5200,1.0090947741882639,2.0481776223452517,5201,20769,32546,74084,68084,123.47333333333333,1.6607538218194247e-13,1.650858833658849e-13,1.659935255556301e-13,9.943914388332273e-13,14400,4
0.1,0.2,0.18000000000000002,0.7200000000000001,0.28,0.5,0,0.6428571428571429,0.3571428571428571,1e-06,57316,1,UNKNOWN,CONDITIONAL,,3014,1.0090903334337322,2.030070421245186,3015,12030,18854,42914,36914,71.52333333333333,1.6619911521398174e-07,1.6085458687510113e-07,1.6630163055062842e-07,9.866081499427759e-07,14400,4
0.1,0.2,0.18000000000000002,0.7200000000000001,0.28,0.5,0,0.6428571428571429,0.3571428571428571,1e-06,66270,256,UNKNOWN,CONDITIONAL,,3642,1.0090947741882639,2.0481776223452517,3643,14540,22788,51868,45868,86.44666666666667,1.6624049337135168e-07,1.6640438577976644e-07,1.6473872486631743e-07,9.962689765399054e-07,14400,4
0.1,0.2,0.18000000000000002,0.7200000000000001,0.28,0.5,0,0.6428571428571429,0.3571428571428571,1e-09,68467,1,UNKNOWN,CONDITIONAL,,3796,1.0090947741882639,2.0481776223452517,3797,15156,23753,54065,48065,90.10833333333333,1.6639481522454924e-10,1.64475292341259e-10,1.6315132201249994e-10,9.912863523686657e-10,14400,4
0.1,0.2,0.18000000000000002,0.7200000000000001,0.28,0.5,0,0.6428571428571429,0.3571428571428571,1e-09,77394,256,UNKNOWN,CONDITIONAL,,4422,1.0090947741882639,2.0481776223452517,4423,17659,27674,62992,56992,104.98666666666666,1.664181189962554e-10,1.6269234651379283e-10,1.6269999595980889e-10,9.873390459761606e-10,14400,5
0.1,0.2,0.18000000000000002,0.7200000000000001,0.28,0.5,0,0.6428571428571429,0.3571428571428571,1e-12,79588,1,UNKNOWN,CONDITIONAL,,4576,1.0090947741882639,2.0481776223452517,4577,18274,28638,65186,59186,108.64333333333333,1.6579810001288537e-13,1.666344297582811e-13,1.6431860495808596e-13,9.949817645133042e-13,14400,4
0.1,0.2,0.18000000000000002,0.7200000000000001,0.28,0.5,0,0.6428571428571429,0.3571428571428571,1e-12,88486,256,UNKNOWN,CONDITIONAL,,5200,1.0090947741882639,2.0481776223452517,5201,20769,32546,74084,68084,123.47333333333333,1.6607538218194247e-13,1.650858833658849e-13,1.659935255556301e-13,9.943914388332273e-13,14400,4
0.1,0.2,0.18000000000000002,0.7200000000000001,0.28,1.0,1,0.46285714285714286,0.5371428571428571,1e-06,14400,1,UNKNOWN,NO_CERTIFICATE,DELAY_REDUCTION_LOOSE,,,,,,,,,,,,,,14400,1
0.1,0.2,0.18000000000000002,0.7200000000000001,0.28,1.0,1,0.46285714285714286,0.5371428571428571,1e-06,14400,256,UNKNOWN,NO_CERTIFICATE,DELAY_REDUCTION_LOOSE,,,,,,,,,,,,,,14400,1
0.1,0.2,0.18000000000000002,0.7200000000000001,0.28,1.0,1,0.46285714285714286,0.5371428571428571,1e-09,14400,1,UNKNOWN,NO_CERTIFICATE,DELAY_REDUCTION_LOOSE,,,,,,,,,,,,,,14400,1
0.1,0.2,0.18000000000000002,0.7200000000000001,0.28,1.0,1,0.46285714285714286,0.5371428571428571,1e-09,14400,256,UNKNOWN,NO_CERTIFICATE,DELAY_REDUCTION_LOOSE,,,,,,,,,,,,,,14400,1
0.1,0.2,0.18000000000000002,0.7200000000000001,0.28,1.0,1,0.46285714285714286,0.5371428571428571,1e-12,14400,1,UNKNOWN,NO_CERTIFICATE,DELAY_REDUCTION_LOOSE,,,,,,,,,,,,,,14400,1
0.1,0.2,0.18000000000000002,0.7200000000000001,0.28,1.0,1,0.46285714285714286,0.5371428571428571,1e-12,14400,256,UNKNOWN,NO_CERTIFICATE,DELAY_REDUCTION_LOOSE,,,,,,,,,,,,,,14400,1
0.1,0.2,0.18000000000000002,0.7200000000000001,0.28,2.0,2,0.33325714285714286,0.6667428571428571,1e-06,14400,1,UNKNOWN,NO_CERTIFICATE,DELAY_REDUCTION_LOOSE,,,,,,,,,,,,,,14400,1
0.1,0.2,0.18000000000000002,0.7200000000000001,0.28,2.0,2,0.33325714285714286,0.6667428571428571,1e-06,14400,256,UNKNOWN,NO_CERTIFICATE,DELAY_REDUCTION_LOOSE,,,,,,,,,,,,,,14400,1
0.1,0.2,0.18000000000000002,0.7200000000000001,0.28,2.0,2,0.33325714285714286,0.6667428571428571,1e-09,14400,1,UNKNOWN,NO_CERTIFICATE,DELAY_REDUCTION_LOOSE,,,,,,,,,,,,,,14400,1
0.1,0.2,0.18000000000000002,0.7200000000000001,0.28,2.0,2,0.33325714285714286,0.6667428571428571,1e-09,14400,256,UNKNOWN,NO_CERTIFICATE,DELAY_REDUCTION_LOOSE,,,,,,,,,,,,,,14400,1
0.1,0.2,0.18000000000000002,0.7200000000000001,0.28,2.0,2,0.33325714285714286,0.6667428571428571,1e-12,14400,1,UNKNOWN,NO_CERTIFICATE,DELAY_REDUCTION_LOOSE,,,,,,,,,,,,,,14400,1
0.1,0.2,0.18000000000000002,0.7200000000000001,0.28,2.0,2,0.33325714285714286,0.6667428571428571,1e-12,14400,256,UNKNOWN,NO_CERTIFICATE,DELAY_REDUCTION_LOOSE,,,,,,,,,,,,,,14400,1
0.2,1.0,0.8,0.0,1.0,0.0,0,0.8,0.19999999999999996,1e-06,15560,1,UNKNOWN,CONDITIONAL,,329,1.0821279861630109,2.0281870390843255,330,330,498,1158,1,1.93,1.6651319843737757e-07,0.0,1.1050903238045607e-07,6.100486276925888e-07,14400,3
0.2,1.0,0.8,0.0,1.0,0.0,0,0.8,0.19999999999999996,1e-06,15806,256,UNKNOWN,CONDITIONAL,,399,1.082289098469754,2.0566979628287925,400,400,604,1404,1,2.34,1.649157588568296e-07,0.0,1.0255010189859279e-07,5.972973784690817e-07,14400,3
0.2,1.0,0.8,0.0,1.0,0.0,0,0.8,0.19999999999999996,1e-09,15865,1,UNKNOWN,CONDITIONAL,,416,1.0823696546231256,2.0750081376116145,417,417,629,1463,1,2.4383333333333335,1.6489481992515267e-10,0.0,1.508836831790674e-10,6.455681429545254e-10,14400,3
0.2,1.0,0.8,0.0,1.0,0.0,0,0.8,0.19999999999999996,1e-09,16111,256,UNKNOWN,CONDITIONAL,,486,1.0824099326998113,2.086043277951805,487,487,735,1709,1,2.848333333333333,1.6606805269949424e-10,0.0,1.4002265984113992e-10,6.382268179396226e-10,14400,3
0.2,1.0,0.8,0.0,1.0,0.0,0,0.8,0.19999999999999996,1e-12,16171,1,UNKNOWN,CONDITIONAL,,503,1.082490488853183,2.1165985619764767,504,504,761,1769,1,2.9483333333333333,1.655993082130925e-13,0.0,1.2210120344161642e-13,6.18899128080894e-13,14400,3
0.2,1.0,0.8,0.0,1.0,0.0,0,0.8,0.19999999999999996,1e-12,16420,256,UNKNOWN,CONDITIONAL,,574,1.0823293765464397,2.0653599650330365,575,575,868,2018,1,3.3633333333333333,1.64545779150009e-13,0.0,1.367862239833208e-13,6.304235614333479e-13,14400,3
0.2,1.0,0.8,0.0,1.0,0.5,0,0.8,0.19999999999999996,1e-06,15560,1,UNKNOWN,CONDITIONAL,,329,1.0821279861630109,2.0281870390843255,330,330,498,1158,1,1.93,1.6651319843737757e-07,0.0,1.1050903238045607e-07,6.100486276925888e-07,14400,3
0.2,1.0,0.8,0.0,1.0,0.5,0,0.8,0.19999999999999996,1e-06,15806,256,UNKNOWN,CONDITIONAL,,399,1.082289098469754,2.0566979628287925,400,400,604,1404,1,2.34,1.649157588568296e-07,0.0,1.0255010189859279e-07,5.972973784690817e-07,14400,3
0.2,1.0,0.8,0.0,1.0,0.5,0,0.8,0.19999999999999996,1e-09,15865,1,UNKNOWN,CONDITIONAL,,416,1.0823696546231256,2.0750081376116145,417,417,629,1463,1,2.4383333333333335,1.6489481992515267e-10,0.0,1.508836831790674e-10,6.455681429545254e-10,14400,3
0.2,1.0,0.8,0.0,1.0,0.5,0,0.8,0.19999999999999996,1e-09,16111,256,UNKNOWN,CONDITIONAL,,486,1.0824099326998113,2.086043277951805,487,487,735,1709,1,2.848333333333333,1.6606805269949424e-10,0.0,1.4002265984113992e-10,6.382268179396226e-10,14400,3
0.2,1.0,0.8,0.0,1.0,0.5,0,0.8,0.19999999999999996,1e-12,16171,1,UNKNOWN,CONDITIONAL,,503,1.082490488853183,2.1165985619764767,504,504,761,1769,1,2.9483333333333333,1.655993082130925e-13,0.0,1.2210120344161642e-13,6.18899128080894e-13,14400,3
0.2,1.0,0.8,0.0,1.0,0.5,0,0.8,0.19999999999999996,1e-12,16420,256,UNKNOWN,CONDITIONAL,,574,1.0823293765464397,2.0653599650330365,575,575,868,2018,1,3.3633333333333333,1.64545779150009e-13,0.0,1.367862239833208e-13,6.304235614333479e-13,14400,3
0.2,1.0,0.8,0.0,1.0,1.0,1,0.0,1.0,1e-06,14400,1,UNKNOWN,NO_CERTIFICATE,DELAY_REDUCTION_LOOSE,,,,,,,,,,,,,,14400,1
0.2,1.0,0.8,0.0,1.0,1.0,1,0.0,1.0,1e-06,14400,256,UNKNOWN,NO_CERTIFICATE,DELAY_REDUCTION_LOOSE,,,,,,,,,,,,,,14400,1
0.2,1.0,0.8,0.0,1.0,1.0,1,0.0,1.0,1e-09,14400,1,UNKNOWN,NO_CERTIFICATE,DELAY_REDUCTION_LOOSE,,,,,,,,,,,,,,14400,1
0.2,1.0,0.8,0.0,1.0,1.0,1,0.0,1.0,1e-09,14400,256,UNKNOWN,NO_CERTIFICATE,DELAY_REDUCTION_LOOSE,,,,,,,,,,,,,,14400,1
0.2,1.0,0.8,0.0,1.0,1.0,1,0.0,1.0,1e-12,14400,1,UNKNOWN,NO_CERTIFICATE,DELAY_REDUCTION_LOOSE,,,,,,,,,,,,,,14400,1
0.2,1.0,0.8,0.0,1.0,1.0,1,0.0,1.0,1e-12,14400,256,UNKNOWN,NO_CERTIFICATE,DELAY_REDUCTION_LOOSE,,,,,,,,,,,,,,14400,1
0.2,1.0,0.8,0.0,1.0,2.0,2,0.0,1.0,1e-06,14400,1,UNKNOWN,NO_CERTIFICATE,DELAY_REDUCTION_LOOSE,,,,,,,,,,,,,,14400,1
0.2,1.0,0.8,0.0,1.0,2.0,2,0.0,1.0,1e-06,14400,256,UNKNOWN,NO_CERTIFICATE,DELAY_REDUCTION_LOOSE,,,,,,,,,,,,,,14400,1
0.2,1.0,0.8,0.0,1.0,2.0,2,0.0,1.0,1e-09,14400,1,UNKNOWN,NO_CERTIFICATE,DELAY_REDUCTION_LOOSE,,,,,,,,,,,,,,14400,1
0.2,1.0,0.8,0.0,1.0,2.0,2,0.0,1.0,1e-09,14400,256,UNKNOWN,NO_CERTIFICATE,DELAY_REDUCTION_LOOSE,,,,,,,,,,,,,,14400,1
0.2,1.0,0.8,0.0,1.0,2.0,2,0.0,1.0,1e-12,14400,1,UNKNOWN,NO_CERTIFICATE,DELAY_REDUCTION_LOOSE,,,,,,,,,,,,,,14400,1
0.2,1.0,0.8,0.0,1.0,2.0,2,0.0,1.0,1e-12,14400,256,UNKNOWN,NO_CERTIFICATE,DELAY_REDUCTION_LOOSE,,,,,,,,,,,,,,14400,1
0.2,0.7,0.5599999999999999,0.24000000000000005,0.76,0.0,0,0.7368421052631579,0.26315789473684215,1e-06,17899,1,UNKNOWN,CONDITIONAL,,676,1.039389580100693,2.033955191039141,677,1023,1451,3497,1,5.828333333333333,1.6557687005447656e-07,1.317484529986008e-07,1.562707981471498e-07,9.16498314307781e-07,14400,3
0.2,0.7,0.5599999999999999,0.24000000000000005,0.76,0.0,0,0.7368421052631579,0.26315789473684215,1e-06,18645,256,UNKNOWN,CONDITIONAL,,820,1.0394281213017675,2.055182680344369,821,1241,1761,4243,1,7.071666666666666,1.6603272441866278e-07,1.4951298222886088e-07,1.4223284652296812e-07,9.393569842366782e-07,14400,3
0.2,0.7,0.5599999999999999,0.24000000000000005,0.76,0.0,0,0.7368421052631579,0.26315789473684215,1e-09,18826,1,UNKNOWN,CONDITIONAL,,855,1.0394666625028424,2.0866077724088603,856,1294,1836,4424,1,7.373333333333333,1.6640467813584212e-10,1.5568532914894053e-10,1.50823880487568e-10,9.614085731929754e-10,14400,3
0.2,0.7,0.5599999999999999,0.24000000000000005,0.76,0.0,0,0.7368421052631579,0.26315789473684215,1e-09,19577,256,UNKNOWN,CONDITIONAL,,1000,1.0394281213017675,2.055182680344369,1001,1514,2147,5175,1,8.625,1.653385910791439e-10,1.4344163676258534e-10,1.645449033060785e-10,9.474439500686808e-10,14400,3
0.2,0.7,0.5599999999999999,0.24000000000000005,0.76,0.0,0,0.7368421052631579,0.26315789473684215,1e-12,19759,1,UNKNOWN,CONDITIONAL,,1035,1.039447391902305,2.0687491688655637,1036,1567,2223,5357,1,8.928333333333333,1.6629183576188322e-13,1.4930250899857048e-13,1.4374856090235535e-13,9.41229086185146e-13,14400,3
0.2,0.7,0.5599999999999999,0.24000000000000005,0.76,0.0,0,0.7368421052631579,0.26315789473684215,1e-12,20506,256,UNKNOWN,CONDITIONAL,,1179,1.0394666625028424,2.0866077724088603,1180,1786,2532,6104,104,10.173333333333334,1.6592248124618197e-13,1.1920437912745623e-13,1.5806929973153933e-13,8.942455017249978e-13,14400,3
0.2,0.7,0.5599999999999999,0.24000000000000005,0.76,0.5,0,0.7368421052631579,0.26315789473684215,1e-06,17899,1,UNKNOWN,CONDITIONAL,,676,1.039389580100693,2.033955191039141,677,1023,1451,3497,1,5.828333333333333,1.6557687005447656e-07,1.317484529986008e-07,1.562707981471498e-07,9.16498314307781e-07,14400,3
0.2,0.7,0.5599999999999999,0.24000000000000005,0.76,0.5,0,0.7368421052631579,0.26315789473684215,1e-06,18645,256,UNKNOWN,CONDITIONAL,,820,1.0394281213017675,2.055182680344369,821,1241,1761,4243,1,7.071666666666666,1.6603272441866278e-07,1.4951298222886088e-07,1.4223284652296812e-07,9.393569842366782e-07,14400,3
0.2,0.7,0.5599999999999999,0.24000000000000005,0.76,0.5,0,0.7368421052631579,0.26315789473684215,1e-09,18826,1,UNKNOWN,CONDITIONAL,,855,1.0394666625028424,2.0866077724088603,856,1294,1836,4424,1,7.373333333333333,1.6640467813584212e-10,1.5568532914894053e-10,1.50823880487568e-10,9.614085731929754e-10,14400,3
0.2,0.7,0.5599999999999999,0.24000000000000005,0.76,0.5,0,0.7368421052631579,0.26315789473684215,1e-09,19577,256,UNKNOWN,CONDITIONAL,,1000,1.0394281213017675,2.055182680344369,1001,1514,2147,5175,1,8.625,1.653385910791439e-10,1.4344163676258534e-10,1.645449033060785e-10,9.474439500686808e-10,14400,3
0.2,0.7,0.5599999999999999,0.24000000000000005,0.76,0.5,0,0.7368421052631579,0.26315789473684215,1e-12,19759,1,UNKNOWN,CONDITIONAL,,1035,1.039447391902305,2.0687491688655637,1036,1567,2223,5357,1,8.928333333333333,1.6629183576188322e-13,1.4930250899857048e-13,1.4374856090235535e-13,9.41229086185146e-13,14400,3
0.2,0.7,0.5599999999999999,0.24000000000000005,0.76,0.5,0,0.7368421052631579,0.26315789473684215,1e-12,20506,256,UNKNOWN,CONDITIONAL,,1179,1.0394666625028424,2.0866077724088603,1180,1786,2532,6104,104,10.173333333333334,1.6592248124618197e-13,1.1920437912745623e-13,1.5806929973153933e-13,8.942455017249978e-13,14400,3
0.2,0.7,0.5599999999999999,0.24000000000000005,0.76,1.0,1,0.17684210526315788,0.8231578947368421,1e-06,14400,1,UNKNOWN,NO_CERTIFICATE,DELAY_REDUCTION_LOOSE,,,,,,,,,,,,,,14400,1
0.2,0.7,0.5599999999999999,0.24000000000000005,0.76,1.0,1,0.17684210526315788,0.8231578947368421,1e-06,14400,256,UNKNOWN,NO_CERTIFICATE,DELAY_REDUCTION_LOOSE,,,,,,,,,,,,,,14400,1
0.2,0.7,0.5599999999999999,0.24000000000000005,0.76,1.0,1,0.17684210526315788,0.8231578947368421,1e-09,14400,1,UNKNOWN,NO_CERTIFICATE,DELAY_REDUCTION_LOOSE,,,,,,,,,,,,,,14400,1
0.2,0.7,0.5599999999999999,0.24000000000000005,0.76,1.0,1,0.17684210526315788,0.8231578947368421,1e-09,14400,256,UNKNOWN,NO_CERTIFICATE,DELAY_REDUCTION_LOOSE,,,,,,,,,,,,,,14400,1
0.2,0.7,0.5599999999999999,0.24000000000000005,0.76,1.0,1,0.17684210526315788,0.8231578947368421,1e-12,14400,1,UNKNOWN,NO_CERTIFICATE,DELAY_REDUCTION_LOOSE,,,,,,,,,,,,,,14400,1
0.2,0.7,0.5599999999999999,0.24000000000000005,0.76,1.0,1,0.17684210526315788,0.8231578947368421,1e-12,14400,256,UNKNOWN,NO_CERTIFICATE,DELAY_REDUCTION_LOOSE,,,,,,,,,,,,,,14400,1
0.2,0.7,0.5599999999999999,0.24000000000000005,0.76,2.0,2,0.04244210526315789,0.9575578947368422,1e-06,14400,1,UNKNOWN,NO_CERTIFICATE,DELAY_REDUCTION_LOOSE,,,,,,,,,,,,,,14400,1
0.2,0.7,0.5599999999999999,0.24000000000000005,0.76,2.0,2,0.04244210526315789,0.9575578947368422,1e-06,14400,256,UNKNOWN,NO_CERTIFICATE,DELAY_REDUCTION_LOOSE,,,,,,,,,,,,,,14400,1
0.2,0.7,0.5599999999999999,0.24000000000000005,0.76,2.0,2,0.04244210526315789,0.9575578947368422,1e-09,14400,1,UNKNOWN,NO_CERTIFICATE,DELAY_REDUCTION_LOOSE,,,,,,,,,,,,,,14400,1
0.2,0.7,0.5599999999999999,0.24000000000000005,0.76,2.0,2,0.04244210526315789,0.9575578947368422,1e-09,14400,256,UNKNOWN,NO_CERTIFICATE,DELAY_REDUCTION_LOOSE,,,,,,,,,,,,,,14400,1
0.2,0.7,0.5599999999999999,0.24000000000000005,0.76,2.0,2,0.04244210526315789,0.9575578947368422,1e-12,14400,1,UNKNOWN,NO_CERTIFICATE,DELAY_REDUCTION_LOOSE,,,,,,,,,,,,,,14400,1
0.2,0.7,0.5599999999999999,0.24000000000000005,0.76,2.0,2,0.04244210526315789,0.9575578947368422,1e-12,14400,256,UNKNOWN,NO_CERTIFICATE,DELAY_REDUCTION_LOOSE,,,,,,,,,,,,,,14400,1
0.2,0.4,0.32000000000000006,0.48,0.52,0.0,0,0.6153846153846155,0.38461538461538447,1e-06,55841,1,UNKNOWN,CONDITIONAL,,5523,1.0049461011510565,2.0354264564629196,5524,11367,18705,41439,35439,69.065,1.6637650941322494e-07,1.6481340177227025e-07,1.6436851372737087e-07,9.931248455115862e-07,14400,4
0.2,0.4,0.32000000000000006,0.48,0.52,0.0,0,0.6153846153846155,0.38461538461538447,1e-06,64501,256,UNKNOWN,CONDITIONAL,,6676,1.0049461011510565,2.0354264564629196,6677,13743,22613,50099,44099,83.49833333333333,1.6646842342348315e-07,1.5763953922235652e-07,1.6638757787889065e-07,9.810719265940533e-07,14400,4
0.2,0.4,0.32000000000000006,0.48,0.52,0.0,0,0.6153846153846155,0.38461538461538447,1e-09,66627,1,UNKNOWN,CONDITIONAL,,6959,1.0049461011510565,2.0354264564629196,6960,14326,23573,52225,46225,87.04166666666667,1.6625392632770905e-10,1.5765401986336973e-10,1.6197897828134978e-10,9.760487969912163e-10,14400,4
0.2,0.4,0.32000000000000006,0.48,0.52,0.0,0,0.6153846153846155,0.38461538461538447,1e-09,75255,256,UNKNOWN,CONDITIONAL,,8108,1.0049461011510565,2.0354264564629196,8109,16693,27467,60853,54853,101.42166666666667,1.6590317116375425e-10,1.5842512704521636e-10,1.6609243780624728e-10,9.806522053879427e-10,14400,5
0.2,0.4,0.32000000000000006,0.48,0.52,0.0,0,0.6153846153846155,0.38461538461538447,1e-12,77366,1,UNKNOWN,CONDITIONAL,,8389,1.0049461011510565,2.0354264564629196,8390,17272,28420,62964,56964,104.94,1.6653719408559005e-13,1.5792716024252679e-13,1.637930685704427e-13,9.792589713122663e-13,14400,4
0.2,0.4,0.32000000000000006,0.48,0.52,0.0,0,0.6153846153846155,0.38461538461538447,1e-12,85973,256,UNKNOWN,CONDITIONAL,,9535,1.0049461011510565,2.0354264564629196,9536,19633,32305,71571,65571,119.285,1.6593926637991162e-13,1.5648171840560773e-13,1.6080756315516699e-13,9.715887991061173e-13,14400,6
0.2,0.4,0.32000000000000006,0.48,0.52,0.5,0,0.6153846153846155,0.38461538461538447,1e-06,55841,1,UNKNOWN,CONDITIONAL,,5523,1.0049461011510565,2.0354264564629196,5524,11367,18705,41439,35439,69.065,1.6637650941322494e-07,1.6481340177227025e-07,1.6436851372737087e-07,9.931248455115862e-07,14400,4
0.2,0.4,0.32000000000000006,0.48,0.52,0.5,0,0.6153846153846155,0.38461538461538447,1e-06,64501,256,UNKNOWN,CONDITIONAL,,6676,1.0049461011510565,2.0354264564629196,6677,13743,22613,50099,44099,83.49833333333333,1.6646842342348315e-07,1.5763953922235652e-07,1.6638757787889065e-07,9.810719265940533e-07,14400,4
0.2,0.4,0.32000000000000006,0.48,0.52,0.5,0,0.6153846153846155,0.38461538461538447,1e-09,66627,1,UNKNOWN,CONDITIONAL,,6959,1.0049461011510565,2.0354264564629196,6960,14326,23573,52225,46225,87.04166666666667,1.6625392632770905e-10,1.5765401986336973e-10,1.6197897828134978e-10,9.760487969912163e-10,14400,4
0.2,0.4,0.32000000000000006,0.48,0.52,0.5,0,0.6153846153846155,0.38461538461538447,1e-09,75255,256,UNKNOWN,CONDITIONAL,,8108,1.0049461011510565,2.0354264564629196,8109,16693,27467,60853,54853,101.42166666666667,1.6590317116375425e-10,1.5842512704521636e-10,1.6609243780624728e-10,9.806522053879427e-10,14400,5
0.2,0.4,0.32000000000000006,0.48,0.52,0.5,0,0.6153846153846155,0.38461538461538447,1e-12,77366,1,UNKNOWN,CONDITIONAL,,8389,1.0049461011510565,2.0354264564629196,8390,17272,28420,62964,56964,104.94,1.6653719408559005e-13,1.5792716024252679e-13,1.637930685704427e-13,9.792589713122663e-13,14400,4
0.2,0.4,0.32000000000000006,0.48,0.52,0.5,0,0.6153846153846155,0.38461538461538447,1e-12,85973,256,UNKNOWN,CONDITIONAL,,9535,1.0049461011510565,2.0354264564629196,9536,19633,32305,71571,65571,119.285,1.6593926637991162e-13,1.5648171840560773e-13,1.6080756315516699e-13,9.715887991061173e-13,14400,6
0.2,0.4,0.32000000000000006,0.48,0.52,1.0,1,0.29538461538461547,0.7046153846153845,1e-06,14400,1,UNKNOWN,NO_CERTIFICATE,DELAY_REDUCTION_LOOSE,,,,,,,,,,,,,,14400,1
0.2,0.4,0.32000000000000006,0.48,0.52,1.0,1,0.29538461538461547,0.7046153846153845,1e-06,14400,256,UNKNOWN,NO_CERTIFICATE,DELAY_REDUCTION_LOOSE,,,,,,,,,,,,,,14400,1
0.2,0.4,0.32000000000000006,0.48,0.52,1.0,1,0.29538461538461547,0.7046153846153845,1e-09,14400,1,UNKNOWN,NO_CERTIFICATE,DELAY_REDUCTION_LOOSE,,,,,,,,,,,,,,14400,1
0.2,0.4,0.32000000000000006,0.48,0.52,1.0,1,0.29538461538461547,0.7046153846153845,1e-09,14400,256,UNKNOWN,NO_CERTIFICATE,DELAY_REDUCTION_LOOSE,,,,,,,,,,,,,,14400,1
0.2,0.4,0.32000000000000006,0.48,0.52,1.0,1,0.29538461538461547,0.7046153846153845,1e-12,14400,1,UNKNOWN,NO_CERTIFICATE,DELAY_REDUCTION_LOOSE,,,,,,,,,,,,,,14400,1
0.2,0.4,0.32000000000000006,0.48,0.52,1.0,1,0.29538461538461547,0.7046153846153845,1e-12,14400,256,UNKNOWN,NO_CERTIFICATE,DELAY_REDUCTION_LOOSE,,,,,,,,,,,,,,14400,1
0.2,0.4,0.32000000000000006,0.48,0.52,2.0,2,0.14178461538461543,0.8582153846153846,1e-06,14400,1,UNKNOWN,NO_CERTIFICATE,DELAY_REDUCTION_LOOSE,,,,,,,,,,,,,,14400,1
0.2,0.4,0.32000000000000006,0.48,0.52,2.0,2,0.14178461538461543,0.8582153846153846,1e-06,14400,256,UNKNOWN,NO_CERTIFICATE,DELAY_REDUCTION_LOOSE,,,,,,,,,,,,,,14400,1
0.2,0.4,0.32000000000000006,0.48,0.52,2.0,2,0.14178461538461543,0.8582153846153846,1e-09,14400,1,UNKNOWN,NO_CERTIFICATE,DELAY_REDUCTION_LOOSE,,,,,,,,,,,,,,14400,1
0.2,0.4,0.32000000000000006,0.48,0.52,2.0,2,0.14178461538461543,0.8582153846153846,1e-09,14400,256,UNKNOWN,NO_CERTIFICATE,DELAY_REDUCTION_LOOSE,,,,,,,,,,,,,,14400,1
0.2,0.4,0.32000000000000006,0.48,0.52,2.0,2,0.14178461538461543,0.8582153846153846,1e-12,14400,1,UNKNOWN,NO_CERTIFICATE,DELAY_REDUCTION_LOOSE,,,,,,,,,,,,,,14400,1
0.2,0.4,0.32000000000000006,0.48,0.52,2.0,2,0.14178461538461543,0.8582153846153846,1e-12,14400,256,UNKNOWN,NO_CERTIFICATE,DELAY_REDUCTION_LOOSE,,,,,,,,,,,,,,14400,1
0.2,0.2,0.16000000000000003,0.6400000000000001,0.36000000000000004,0.0,0,0.4444444444444445,0.5555555555555556,1e-06,14400,1,UNKNOWN,NO_CERTIFICATE,NO_HONEST_DRIFT,,,,,,,,,,,,,,14400,1
0.2,0.2,0.16000000000000003,0.6400000000000001,0.36000000000000004,0.0,0,0.4444444444444445,0.5555555555555556,1e-06,14400,256,UNKNOWN,NO_CERTIFICATE,NO_HONEST_DRIFT,,,,,,,,,,,,,,14400,1
0.2,0.2,0.16000000000000003,0.6400000000000001,0.36000000000000004,0.0,0,0.4444444444444445,0.5555555555555556,1e-09,14400,1,UNKNOWN,NO_CERTIFICATE,NO_HONEST_DRIFT,,,,,,,,,,,,,,14400,1
0.2,0.2,0.16000000000000003,0.6400000000000001,0.36000000000000004,0.0,0,0.4444444444444445,0.5555555555555556,1e-09,14400,256,UNKNOWN,NO_CERTIFICATE,NO_HONEST_DRIFT,,,,,,,,,,,,,,14400,1
0.2,0.2,0.16000000000000003,0.6400000000000001,0.36000000000000004,0.0,0,0.4444444444444445,0.5555555555555556,1e-12,14400,1,UNKNOWN,NO_CERTIFICATE,NO_HONEST_DRIFT,,,,,,,,,,,,,,14400,1
0.2,0.2,0.16000000000000003,0.6400000000000001,0.36000000000000004,0.0,0,0.4444444444444445,0.5555555555555556,1e-12,14400,256,UNKNOWN,NO_CERTIFICATE,NO_HONEST_DRIFT,,,,,,,,,,,,,,14400,1
0.2,0.2,0.16000000000000003,0.6400000000000001,0.36000000000000004,0.5,0,0.4444444444444445,0.5555555555555556,1e-06,14400,1,UNKNOWN,NO_CERTIFICATE,NO_HONEST_DRIFT,,,,,,,,,,,,,,14400,1
0.2,0.2,0.16000000000000003,0.6400000000000001,0.36000000000000004,0.5,0,0.4444444444444445,0.5555555555555556,1e-06,14400,256,UNKNOWN,NO_CERTIFICATE,NO_HONEST_DRIFT,,,,,,,,,,,,,,14400,1
0.2,0.2,0.16000000000000003,0.6400000000000001,0.36000000000000004,0.5,0,0.4444444444444445,0.5555555555555556,1e-09,14400,1,UNKNOWN,NO_CERTIFICATE,NO_HONEST_DRIFT,,,,,,,,,,,,,,14400,1
0.2,0.2,0.16000000000000003,0.6400000000000001,0.36000000000000004,0.5,0,0.4444444444444445,0.5555555555555556,1e-09,14400,256,UNKNOWN,NO_CERTIFICATE,NO_HONEST_DRIFT,,,,,,,,,,,,,,14400,1
0.2,0.2,0.16000000000000003,0.6400000000000001,0.36000000000000004,0.5,0,0.4444444444444445,0.5555555555555556,1e-12,14400,1,UNKNOWN,NO_CERTIFICATE,NO_HONEST_DRIFT,,,,,,,,,,,,,,14400,1
0.2,0.2,0.16000000000000003,0.6400000000000001,0.36000000000000004,0.5,0,0.4444444444444445,0.5555555555555556,1e-12,14400,256,UNKNOWN,NO_CERTIFICATE,NO_HONEST_DRIFT,,,,,,,,,,,,,,14400,1
0.2,0.2,0.16000000000000003,0.6400000000000001,0.36000000000000004,1.0,1,0.28444444444444444,0.7155555555555555,1e-06,14400,1,UNKNOWN,NO_CERTIFICATE,NO_HONEST_DRIFT,,,,,,,,,,,,,,14400,1
0.2,0.2,0.16000000000000003,0.6400000000000001,0.36000000000000004,1.0,1,0.28444444444444444,0.7155555555555555,1e-06,14400,256,UNKNOWN,NO_CERTIFICATE,NO_HONEST_DRIFT,,,,,,,,,,,,,,14400,1
0.2,0.2,0.16000000000000003,0.6400000000000001,0.36000000000000004,1.0,1,0.28444444444444444,0.7155555555555555,1e-09,14400,1,UNKNOWN,NO_CERTIFICATE,NO_HONEST_DRIFT,,,,,,,,,,,,,,14400,1
0.2,0.2,0.16000000000000003,0.6400000000000001,0.36000000000000004,1.0,1,0.28444444444444444,0.7155555555555555,1e-09,14400,256,UNKNOWN,NO_CERTIFICATE,NO_HONEST_DRIFT,,,,,,,,,,,,,,14400,1
0.2,0.2,0.16000000000000003,0.6400000000000001,0.36000000000000004,1.0,1,0.28444444444444444,0.7155555555555555,1e-12,14400,1,UNKNOWN,NO_CERTIFICATE,NO_HONEST_DRIFT,,,,,,,,,,,,,,14400,1
0.2,0.2,0.16000000000000003,0.6400000000000001,0.36000000000000004,1.0,1,0.28444444444444444,0.7155555555555555,1e-12,14400,256,UNKNOWN,NO_CERTIFICATE,NO_HONEST_DRIFT,,,,,,,,,,,,,,14400,1
0.2,0.2,0.16000000000000003,0.6400000000000001,0.36000000000000004,2.0,2,0.1820444444444444,0.8179555555555555,1e-06,14400,1,UNKNOWN,NO_CERTIFICATE,NO_HONEST_DRIFT,,,,,,,,,,,,,,14400,1
0.2,0.2,0.16000000000000003,0.6400000000000001,0.36000000000000004,2.0,2,0.1820444444444444,0.8179555555555555,1e-06,14400,256,UNKNOWN,NO_CERTIFICATE,NO_HONEST_DRIFT,,,,,,,,,,,,,,14400,1
0.2,0.2,0.16000000000000003,0.6400000000000001,0.36000000000000004,2.0,2,0.1820444444444444,0.8179555555555555,1e-09,14400,1,UNKNOWN,NO_CERTIFICATE,NO_HONEST_DRIFT,,,,,,,,,,,,,,14400,1
0.2,0.2,0.16000000000000003,0.6400000000000001,0.36000000000000004,2.0,2,0.1820444444444444,0.8179555555555555,1e-09,14400,256,UNKNOWN,NO_CERTIFICATE,NO_HONEST_DRIFT,,,,,,,,,,,,,,14400,1
0.2,0.2,0.16000000000000003,0.6400000000000001,0.36000000000000004,2.0,2,0.1820444444444444,0.8179555555555555,1e-12,14400,1,UNKNOWN,NO_CERTIFICATE,NO_HONEST_DRIFT,,,,,,,,,,,,,,14400,1
0.2,0.2,0.16000000000000003,0.6400000000000001,0.36000000000000004,2.0,2,0.1820444444444444,0.8179555555555555,1e-12,14400,256,UNKNOWN,NO_CERTIFICATE,NO_HONEST_DRIFT,,,,,,,,,,,,,,14400,1
0.25,1.0,0.75,0.0,1.0,0.0,0,0.75,0.25,1e-06,16447,1,UNKNOWN,CONDITIONAL,,574,1.046405819722123,2.049613397074922,575,575,895,2045,1,3.408333333333333,1.6591078795860863e-07,0.0,1.3858900173703675e-07,6.363213656128627e-07,14400,3
0.25,1.0,0.75,0.0,1.0,0.0,0,0.75,0.25,1e-06,16885,256,UNKNOWN,CONDITIONAL,,697,1.0463831276618736,2.0397559670239427,698,698,1087,2483,1,4.138333333333334,1.6629593349300496e-07,0.0,1.279972875024787e-07,6.268850879814936e-07,14400,3
0.25,1.0,0.75,0.0,1.0,0.0,0,0.75,0.25,1e-09,16992,1,UNKNOWN,CONDITIONAL,,727,1.046405819722123,2.049613397074922,728,728,1134,2590,1,4.316666666666666,1.6592431674742483e-10,0.0,1.1925534817089666e-10,6.170282984131712e-10,14400,3
0.25,1.0,0.75,0.0,1.0,0.0,0,0.75,0.25,1e-09,17426,256,UNKNOWN,CONDITIONAL,,849,1.0464738959028714,2.092179825169658,850,850,1324,3024,1,5.04,1.6619791913237152e-10,0.0,1.3481776871033327e-10,6.334115261074478e-10,14400,3
0.25,1.0,0.75,0.0,1.0,0.0,0,0.75,0.25,1e-12,17536,1,UNKNOWN,CONDITIONAL,,880,1.046405819722123,2.049613397074922,881,881,1372,3134,1,5.223333333333334,1.6575768795327384e-13,0.0,1.467238452207598e-13,6.439969090805813e-13,14400,3
0.25,1.0,0.75,0.0,1.0,0.0,0,0.75,0.25,1e-12,17970,256,UNKNOWN,CONDITIONAL,,1002,1.046451203842622,2.074403082651232,1003,1003,1562,3568,1,5.946666666666666,1.6644137299928767e-13,0.0,1.6574169938966433e-13,6.650658183875274e-13,14400,3
0.25,1.0,0.75,0.0,1.0,0.5,0,0.75,0.25,1e-06,16447,1,UNKNOWN,CONDITIONAL,,574,1.046405819722123,2.049613397074922,575,575,895,2045,1,3.408333333333333,1.6591078795860863e-07,0.0,1.3858900173703675e-07,6.363213656128627e-07,14400,3
0.25,1.0,0.75,0.0,1.0,0.5,0,0.75,0.25,1e-06,16885,256,UNKNOWN,CONDITIONAL,,697,1.0463831276618736,2.0397559670239427,698,698,1087,2483,1,4.138333333333334,1.6629593349300496e-07,0.0,1.279972875024787e-07,6.268850879814936e-07,14400,3
0.25,1.0,0.75,0.0,1.0,0.5,0,0.75,0.25,1e-09,16992,1,UNKNOWN,CONDITIONAL,,727,1.046405819722123,2.049613397074922,728,728,1134,2590,1,4.316666666666666,1.6592431674742483e-10,0.0,1.1925534817089666e-10,6.170282984131712e-10,14400,3
0.25,1.0,0.75,0.0,1.0,0.5,0,0.75,0.25,1e-09,17426,256,UNKNOWN,CONDITIONAL,,849,1.0464738959028714,2.092179825169658,850,850,1324,3024,1,5.04,1.6619791913237152e-10,0.0,1.3481776871033327e-10,6.334115261074478e-10,14400,3
0.25,1.0,0.75,0.0,1.0,0.5,0,0.75,0.25,1e-12,17536,1,UNKNOWN,CONDITIONAL,,880,1.046405819722123,2.049613397074922,881,881,1372,3134,1,5.223333333333334,1.6575768795327384e-13,0.0,1.467238452207598e-13,6.439969090805813e-13,14400,3
0.25,1.0,0.75,0.0,1.0,0.5,0,0.75,0.25,1e-12,17970,256,UNKNOWN,CONDITIONAL,,1002,1.046451203842622,2.074403082651232,1003,1003,1562,3568,1,5.946666666666666,1.6644137299928767e-13,0.0,1.6574169938966433e-13,6.650658183875274e-13,14400,3
0.25,1.0,0.75,0.0,1.0,1.0,1,0.0,1.0,1e-06,14400,1,UNKNOWN,NO_CERTIFICATE,DELAY_REDUCTION_LOOSE,,,,,,,,,,,,,,14400,1
0.25,1.0,0.75,0.0,1.0,1.0,1,0.0,1.0,1e-06,14400,256,UNKNOWN,NO_CERTIFICATE,DELAY_REDUCTION_LOOSE,,,,,,,,,,,,,,14400,1
0.25,1.0,0.75,0.0,1.0,1.0,1,0.0,1.0,1e-09,14400,1,UNKNOWN,NO_CERTIFICATE,DELAY_REDUCTION_LOOSE,,,,,,,,,,,,,,14400,1
0.25,1.0,0.75,0.0,1.0,1.0,1,0.0,1.0,1e-09,14400,256,UNKNOWN,NO_CERTIFICATE,DELAY_REDUCTION_LOOSE,,,,,,,,,,,,,,14400,1
0.25,1.0,0.75,0.0,1.0,1.0,1,0.0,1.0,1e-12,14400,1,UNKNOWN,NO_CERTIFICATE,DELAY_REDUCTION_LOOSE,,,,,,,,,,,,,,14400,1
0.25,1.0,0.75,0.0,1.0,1.0,1,0.0,1.0,1e-12,14400,256,UNKNOWN,NO_CERTIFICATE,DELAY_REDUCTION_LOOSE,,,,,,,,,,,,,,14400,1
0.25,1.0,0.75,0.0,1.0,2.0,2,0.0,1.0,1e-06,14400,1,UNKNOWN,NO_CERTIFICATE,DELAY_REDUCTION_LOOSE,,,,,,,,,,,,,,14400,1
0.25,1.0,0.75,0.0,1.0,2.0,2,0.0,1.0,1e-06,14400,256,UNKNOWN,NO_CERTIFICATE,DELAY_REDUCTION_LOOSE,,,,,,,,,,,,,,14400,1
0.25,1.0,0.75,0.0,1.0,2.0,2,0.0,1.0,1e-09,14400,1,UNKNOWN,NO_CERTIFICATE,DELAY_REDUCTION_LOOSE,,,,,,,,,,,,,,14400,1
0.25,1.0,0.75,0.0,1.0,2.0,2,0.0,1.0,1e-09,14400,256,UNKNOWN,NO_CERTIFICATE,DELAY_REDUCTION_LOOSE,,,,,,,,,,,,,,14400,1
0.25,1.0,0.75,0.0,1.0,2.0,2,0.0,1.0,1e-12,14400,1,UNKNOWN,NO_CERTIFICATE,DELAY_REDUCTION_LOOSE,,,,,,,,,,,,,,14400,1
0.25,1.0,0.75,0.0,1.0,2.0,2,0.0,1.0,1e-12,14400,256,UNKNOWN,NO_CERTIFICATE,DELAY_REDUCTION_LOOSE,,,,,,,,,,,,,,14400,1
0.25,0.7,0.5249999999999999,0.22500000000000003,0.7749999999999999,0.0,0,0.6774193548387096,0.32258064516129037,1e-06,22218,1,UNKNOWN,CONDITIONAL,,1570,1.0169154903054993,2.0446264954215168,1571,2213,3390,7816,1816,13.026666666666667,1.6599090602144219e-07,1.469171603838594e-07,1.483054582002024e-07,9.401124970322477e-07,14400,4
0.25,0.7,0.5249999999999999,0.22500000000000003,0.7749999999999999,0.0,0,0.6774193548387096,0.32258064516129037,1e-06,23887,256,UNKNOWN,CONDITIONAL,,1905,1.0169154903054993,2.0446264954215168,1906,2686,4113,9485,3485,15.808333333333334,1.65711198391949e-07,1.3819413471335745e-07,1.6657617292003762e-07,9.400980375225996e-07,14400,4
0.25,0.7,0.5249999999999999,0.22500000000000003,0.7749999999999999,0.0,0,0.6774193548387096,0.32258064516129037,1e-09,24297,1,UNKNOWN,CONDITIONAL,,1987,1.0169154903054993,2.0446264954215168,1988,2802,4291,9895,3895,16.491666666666667,1.6639649897722194e-10,1.2920338241985173e-10,1.5188467527442946e-10,9.094809370457988e-10,14400,4
0.25,0.7,0.5249999999999999,0.22500000000000003,0.7749999999999999,0.0,0,0.6774193548387096,0.32258064516129037,1e-09,25961,256,UNKNOWN,CONDITIONAL,,2321,1.0169237537581854,2.0627110869730716,2322,3273,5013,11559,5559,19.265,1.6620427606491834e-10,1.4284658685355786e-10,1.4960143862093036e-10,9.339074405228012e-10,14400,3
0.25,0.7,0.5249999999999999,0.22500000000000003,0.7749999999999999,0.0,0,0.6774193548387096,0.32258064516129037,1e-12,26370,1,UNKNOWN,CONDITIONAL,,2403,1.0169237537581854,2.0627110869730716,2404,3389,5190,11968,5968,19.946666666666665,1.665492973463366e-13,1.3335697285240577e-13,1.5389731470727254e-13,9.20259152451094e-13,14400,3
0.25,0.7,0.5249999999999999,0.22500000000000003,0.7749999999999999,0.0,0,0.6774193548387096,0.32258064516129037,1e-12,28038,256,UNKNOWN,CONDITIONAL,,2738,1.0169154903054993,2.0446264954215168,2739,3861,5914,13636,7636,22.726666666666667,1.6620593895549528e-13,1.603702607741152e-13,1.5126528722043855e-13,9.706236256351548e-13,14400,4
0.25,0.7,0.5249999999999999,0.22500000000000003,0.7749999999999999,0.5,0,0.6774193548387096,0.32258064516129037,1e-06,22218,1,UNKNOWN,CONDITIONAL,,1570,1.0169154903054993,2.0446264954215168,1571,2213,3390,7816,1816,13.026666666666667,1.6599090602144219e-07,1.469171603838594e-07,1.483054582002024e-07,9.401124970322477e-07,14400,4
0.25,0.7,0.5249999999999999,0.22500000000000003,0.7749999999999999,0.5,0,0.6774193548387096,0.32258064516129037,1e-06,23887,256,UNKNOWN,CONDITIONAL,,1905,1.0169154903054993,2.0446264954215168,1906,2686,4113,9485,3485,15.808333333333334,1.65711198391949e-07,1.3819413471335745e-07,1.6657617292003762e-07,9.400980375225996e-07,14400,4
0.25,0.7,0.5249999999999999,0.22500000000000003,0.7749999999999999,0.5,0,0.6774193548387096,0.32258064516129037,1e-09,24297,1,UNKNOWN,CONDITIONAL,,1987,1.0169154903054993,2.0446264954215168,1988,2802,4291,9895,3895,16.491666666666667,1.6639649897722194e-10,1.2920338241985173e-10,1.5188467527442946e-10,9.094809370457988e-10,14400,4
0.25,0.7,0.5249999999999999,0.22500000000000003,0.7749999999999999,0.5,0,0.6774193548387096,0.32258064516129037,1e-09,25961,256,UNKNOWN,CONDITIONAL,,2321,1.0169237537581854,2.0627110869730716,2322,3273,5013,11559,5559,19.265,1.6620427606491834e-10,1.4284658685355786e-10,1.4960143862093036e-10,9.339074405228012e-10,14400,3
0.25,0.7,0.5249999999999999,0.22500000000000003,0.7749999999999999,0.5,0,0.6774193548387096,0.32258064516129037,1e-12,26370,1,UNKNOWN,CONDITIONAL,,2403,1.0169237537581854,2.0627110869730716,2404,3389,5190,11968,5968,19.946666666666665,1.665492973463366e-13,1.3335697285240577e-13,1.5389731470727254e-13,9.20259152451094e-13,14400,3
0.25,0.7,0.5249999999999999,0.22500000000000003,0.7749999999999999,0.5,0,0.6774193548387096,0.32258064516129037,1e-12,28038,256,UNKNOWN,CONDITIONAL,,2738,1.0169154903054993,2.0446264954215168,2739,3861,5914,13636,7636,22.726666666666667,1.6620593895549528e-13,1.603702607741152e-13,1.5126528722043855e-13,9.706236256351548e-13,14400,4
0.25,0.7,0.5249999999999999,0.22500000000000003,0.7749999999999999,1.0,1,0.15241935483870972,0.8475806451612903,1e-06,14400,1,UNKNOWN,NO_CERTIFICATE,DELAY_REDUCTION_LOOSE,,,,,,,,,,,,,,14400,1
0.25,0.7,0.5249999999999999,0.22500000000000003,0.7749999999999999,1.0,1,0.15241935483870972,0.8475806451612903,1e-06,14400,256,UNKNOWN,NO_CERTIFICATE,DELAY_REDUCTION_LOOSE,,,,,,,,,,,,,,14400,1
0.25,0.7,0.5249999999999999,0.22500000000000003,0.7749999999999999,1.0,1,0.15241935483870972,0.8475806451612903,1e-09,14400,1,UNKNOWN,NO_CERTIFICATE,DELAY_REDUCTION_LOOSE,,,,,,,,,,,,,,14400,1
0.25,0.7,0.5249999999999999,0.22500000000000003,0.7749999999999999,1.0,1,0.15241935483870972,0.8475806451612903,1e-09,14400,256,UNKNOWN,NO_CERTIFICATE,DELAY_REDUCTION_LOOSE,,,,,,,,,,,,,,14400,1
0.25,0.7,0.5249999999999999,0.22500000000000003,0.7749999999999999,1.0,1,0.15241935483870972,0.8475806451612903,1e-12,14400,1,UNKNOWN,NO_CERTIFICATE,DELAY_REDUCTION_LOOSE,,,,,,,,,,,,,,14400,1
0.25,0.7,0.5249999999999999,0.22500000000000003,0.7749999999999999,1.0,1,0.15241935483870972,0.8475806451612903,1e-12,14400,256,UNKNOWN,NO_CERTIFICATE,DELAY_REDUCTION_LOOSE,,,,,,,,,,,,,,14400,1
0.25,0.7,0.5249999999999999,0.22500000000000003,0.7749999999999999,2.0,2,0.0342943548387097,0.9657056451612903,1e-06,14400,1,UNKNOWN,NO_CERTIFICATE,DELAY_REDUCTION_LOOSE,,,,,,,,,,,,,,14400,1
0.25,0.7,0.5249999999999999,0.22500000000000003,0.7749999999999999,2.0,2,0.0342943548387097,0.9657056451612903,1e-06,14400,256,UNKNOWN,NO_CERTIFICATE,DELAY_REDUCTION_LOOSE,,,,,,,,,,,,,,14400,1
0.25,0.7,0.5249999999999999,0.22500000000000003,0.7749999999999999,2.0,2,0.0342943548387097,0.9657056451612903,1e-09,14400,1,UNKNOWN,NO_CERTIFICATE,DELAY_REDUCTION_LOOSE,,,,,,,,,,,,,,14400,1
0.25,0.7,0.5249999999999999,0.22500000000000003,0.7749999999999999,2.0,2,0.0342943548387097,0.9657056451612903,1e-09,14400,256,UNKNOWN,NO_CERTIFICATE,DELAY_REDUCTION_LOOSE,,,,,,,,,,,,,,14400,1
0.25,0.7,0.5249999999999999,0.22500000000000003,0.7749999999999999,2.0,2,0.0342943548387097,0.9657056451612903,1e-12,14400,1,UNKNOWN,NO_CERTIFICATE,DELAY_REDUCTION_LOOSE,,,,,,,,,,,,,,14400,1
0.25,0.7,0.5249999999999999,0.22500000000000003,0.7749999999999999,2.0,2,0.0342943548387097,0.9657056451612903,1e-12,14400,256,UNKNOWN,NO_CERTIFICATE,DELAY_REDUCTION_LOOSE,,,,,,,,,,,,,,14400,1
0.25,0.4,0.30000000000000004,0.44999999999999996,0.55,0.0,0,0.5454545454545455,0.4545454545454545,1e-06,636069,1,UNKNOWN,CONDITIONAL,,87491,1.0003390708672173,1.994135474504783,87492,161846,297975,621667,615667,1036.1116666666667,1.6665366099324043e-07,1.6429448793381854e-07,1.651922286797841e-07,9.937421875271424e-07,14400,5
0.25,0.4,0.30000000000000004,0.44999999999999996,0.55,0.0,0,0.5454545454545455,0.4545454545454545,1e-06,755936,256,UNKNOWN,CONDITIONAL,,104357,1.0003390708672173,1.994135474504783,104358,193052,355430,741534,735534,1235.89,1.6665819093490384e-07,1.6485663281288044e-07,1.6622931910514465e-07,9.95917157535617e-07,14400,5
0.25,0.4,0.30000000000000004,0.44999999999999996,0.55,0.0,0,0.5454545454545455,0.4545454545454545,1e-09,785302,1,UNKNOWN,CONDITIONAL,,108489,1.0003390708672173,1.994135474504783,108490,200697,369506,770900,764900,1284.8333333333333,1.6663921368219297e-10,1.6550350680449973e-10,1.663023114172916e-10,9.9722696607287e-10,14400,5
0.25,0.4,0.30000000000000004,0.44999999999999996,0.55,0.0,0,0.5454545454545455,0.4545454545454545,1e-09,904517,256,UNKNOWN,CONDITIONAL,,125263,1.0003390708672173,1.994135474504783,125264,231733,426649,890115,884115,1483.525,1.666224652353777e-10,1.6525219527155448e-10,1.6516469586735068e-10,9.955364821165927e-10,14400,6
0.25,0.4,0.30000000000000004,0.44999999999999996,0.55,0.0,0,0.5454545454545455,0.4545454545454545,1e-12,933748,1,UNKNOWN,CONDITIONAL,,129376,1.0003390708672173,1.994135474504783,129377,239343,440660,919346,913346,1532.2433333333333,1.6662600317348143e-13,1.6538551779110133e-13,1.6566681726559922e-13,9.963158623682462e-13,14400,5
0.25,0.4,0.30000000000000004,0.44999999999999996,0.55,0.0,0,0.5454545454545455,0.4545454545454545,1e-12,1052508,256,UNKNOWN,CONDITIONAL,,146086,1.0003390708672173,1.994135474504783,146087,270261,497584,1038106,1032106,1730.1766666666667,1.6662403276134865e-13,1.6370753469095894e-13,1.6599884672680327e-13,9.932860143927672e-13,14400,5
0.25,0.4,0.30000000000000004,0.44999999999999996,0.55,0.5,0,0.5454545454545455,0.4545454545454545,1e-06,636069,1,UNKNOWN,CONDITIONAL,,87491,1.0003390708672173,1.994135474504783,87492,161846,297975,621667,615667,1036.1116666666667,1.6665366099324043e-07,1.6429448793381854e-07,1.651922286797841e-07,9.937421875271424e-07,14400,5
0.25,0.4,0.30000000000000004,0.44999999999999996,0.55,0.5,0,0.5454545454545455,0.4545454545454545,1e-06,755936,256,UNKNOWN,CONDITIONAL,,104357,1.0003390708672173,1.994135474504783,104358,193052,355430,741534,735534,1235.89,1.6665819093490384e-07,1.6485663281288044e-07,1.6622931910514465e-07,9.95917157535617e-07,14400,5
0.25,0.4,0.30000000000000004,0.44999999999999996,0.55,0.5,0,0.5454545454545455,0.4545454545454545,1e-09,785302,1,UNKNOWN,CONDITIONAL,,108489,1.0003390708672173,1.994135474504783,108490,200697,369506,770900,764900,1284.8333333333333,1.6663921368219297e-10,1.6550350680449973e-10,1.663023114172916e-10,9.9722696607287e-10,14400,5
0.25,0.4,0.30000000000000004,0.44999999999999996,0.55,0.5,0,0.5454545454545455,0.4545454545454545,1e-09,904517,256,UNKNOWN,CONDITIONAL,,125263,1.0003390708672173,1.994135474504783,125264,231733,426649,890115,884115,1483.525,1.666224652353777e-10,1.6525219527155448e-10,1.6516469586735068e-10,9.955364821165927e-10,14400,6
0.25,0.4,0.30000000000000004,0.44999999999999996,0.55,0.5,0,0.5454545454545455,0.4545454545454545,1e-12,933748,1,UNKNOWN,CONDITIONAL,,129376,1.0003390708672173,1.994135474504783,129377,239343,440660,919346,913346,1532.2433333333333,1.6662600317348143e-13,1.6538551779110133e-13,1.6566681726559922e-13,9.963158623682462e-13,14400,5
0.25,0.4,0.30000000000000004,0.44999999999999996,0.55,0.5,0,0.5454545454545455,0.4545454545454545,1e-12,1052508,256,UNKNOWN,CONDITIONAL,,146086,1.0003390708672173,1.994135474504783,146087,270261,497584,1038106,1032106,1730.1766666666667,1.6662403276134865e-13,1.6370753469095894e-13,1.6599884672680327e-13,9.932860143927672e-13,14400,5
0.25,0.4,0.30000000000000004,0.44999999999999996,0.55,1.0,1,0.24545454545454545,0.7545454545454545,1e-06,14400,1,UNKNOWN,NO_CERTIFICATE,DELAY_REDUCTION_LOOSE,,,,,,,,,,,,,,14400,1
0.25,0.4,0.30000000000000004,0.44999999999999996,0.55,1.0,1,0.24545454545454545,0.7545454545454545,1e-06,14400,256,UNKNOWN,NO_CERTIFICATE,DELAY_REDUCTION_LOOSE,,,,,,,,,,,,,,14400,1
0.25,0.4,0.30000000000000004,0.44999999999999996,0.55,1.0,1,0.24545454545454545,0.7545454545454545,1e-09,14400,1,UNKNOWN,NO_CERTIFICATE,DELAY_REDUCTION_LOOSE,,,,,,,,,,,,,,14400,1
0.25,0.4,0.30000000000000004,0.44999999999999996,0.55,1.0,1,0.24545454545454545,0.7545454545454545,1e-09,14400,256,UNKNOWN,NO_CERTIFICATE,DELAY_REDUCTION_LOOSE,,,,,,,,,,,,,,14400,1
0.25,0.4,0.30000000000000004,0.44999999999999996,0.55,1.0,1,0.24545454545454545,0.7545454545454545,1e-12,14400,1,UNKNOWN,NO_CERTIFICATE,DELAY_REDUCTION_LOOSE,,,,,,,,,,,,,,14400,1
0.25,0.4,0.30000000000000004,0.44999999999999996,0.55,1.0,1,0.24545454545454545,0.7545454545454545,1e-12,14400,256,UNKNOWN,NO_CERTIFICATE,DELAY_REDUCTION_LOOSE,,,,,,,,,,,,,,14400,1
0.25,0.4,0.30000000000000004,0.44999999999999996,0.55,2.0,2,0.11045454545454544,0.8895454545454545,1e-06,14400,1,UNKNOWN,NO_CERTIFICATE,DELAY_REDUCTION_LOOSE,,,,,,,,,,,,,,14400,1
0.25,0.4,0.30000000000000004,0.44999999999999996,0.55,2.0,2,0.11045454545454544,0.8895454545454545,1e-06,14400,256,UNKNOWN,NO_CERTIFICATE,DELAY_REDUCTION_LOOSE,,,,,,,,,,,,,,14400,1
0.25,0.4,0.30000000000000004,0.44999999999999996,0.55,2.0,2,0.11045454545454544,0.8895454545454545,1e-09,14400,1,UNKNOWN,NO_CERTIFICATE,DELAY_REDUCTION_LOOSE,,,,,,,,,,,,,,14400,1
0.25,0.4,0.30000000000000004,0.44999999999999996,0.55,2.0,2,0.11045454545454544,0.8895454545454545,1e-09,14400,256,UNKNOWN,NO_CERTIFICATE,DELAY_REDUCTION_LOOSE,,,,,,,,,,,,,,14400,1
0.25,0.4,0.30000000000000004,0.44999999999999996,0.55,2.0,2,0.11045454545454544,0.8895454545454545,1e-12,14400,1,UNKNOWN,NO_CERTIFICATE,DELAY_REDUCTION_LOOSE,,,,,,,,,,,,,,14400,1
0.25,0.4,0.30000000000000004,0.44999999999999996,0.55,2.0,2,0.11045454545454544,0.8895454545454545,1e-12,14400,256,UNKNOWN,NO_CERTIFICATE,DELAY_REDUCTION_LOOSE,,,,,,,,,,,,,,14400,1
0.25,0.2,0.15000000000000002,0.6000000000000001,0.4,0.0,0,0.37500000000000006,0.625,1e-06,14400,1,UNKNOWN,NO_CERTIFICATE,NO_HONEST_DRIFT,,,,,,,,,,,,,,14400,1
0.25,0.2,0.15000000000000002,0.6000000000000001,0.4,0.0,0,0.37500000000000006,0.625,1e-06,14400,256,UNKNOWN,NO_CERTIFICATE,NO_HONEST_DRIFT,,,,,,,,,,,,,,14400,1
0.25,0.2,0.15000000000000002,0.6000000000000001,0.4,0.0,0,0.37500000000000006,0.625,1e-09,14400,1,UNKNOWN,NO_CERTIFICATE,NO_HONEST_DRIFT,,,,,,,,,,,,,,14400,1
0.25,0.2,0.15000000000000002,0.6000000000000001,0.4,0.0,0,0.37500000000000006,0.625,1e-09,14400,256,UNKNOWN,NO_CERTIFICATE,NO_HONEST_DRIFT,,,,,,,,,,,,,,14400,1
0.25,0.2,0.15000000000000002,0.6000000000000001,0.4,0.0,0,0.37500000000000006,0.625,1e-12,14400,1,UNKNOWN,NO_CERTIFICATE,NO_HONEST_DRIFT,,,,,,,,,,,,,,14400,1
0.25,0.2,0.15000000000000002,0.6000000000000001,0.4,0.0,0,0.37500000000000006,0.625,1e-12,14400,256,UNKNOWN,NO_CERTIFICATE,NO_HONEST_DRIFT,,,,,,,,,,,,,,14400,1
0.25,0.2,0.15000000000000002,0.6000000000000001,0.4,0.5,0,0.37500000000000006,0.625,1e-06,14400,1,UNKNOWN,NO_CERTIFICATE,NO_HONEST_DRIFT,,,,,,,,,,,,,,14400,1
0.25,0.2,0.15000000000000002,0.6000000000000001,0.4,0.5,0,0.37500000000000006,0.625,1e-06,14400,256,UNKNOWN,NO_CERTIFICATE,NO_HONEST_DRIFT,,,,,,,,,,,,,,14400,1
0.25,0.2,0.15000000000000002,0.6000000000000001,0.4,0.5,0,0.37500000000000006,0.625,1e-09,14400,1,UNKNOWN,NO_CERTIFICATE,NO_HONEST_DRIFT,,,,,,,,,,,,,,14400,1
0.25,0.2,0.15000000000000002,0.6000000000000001,0.4,0.5,0,0.37500000000000006,0.625,1e-09,14400,256,UNKNOWN,NO_CERTIFICATE,NO_HONEST_DRIFT,,,,,,,,,,,,,,14400,1
0.25,0.2,0.15000000000000002,0.6000000000000001,0.4,0.5,0,0.37500000000000006,0.625,1e-12,14400,1,UNKNOWN,NO_CERTIFICATE,NO_HONEST_DRIFT,,,,,,,,,,,,,,14400,1
0.25,0.2,0.15000000000000002,0.6000000000000001,0.4,0.5,0,0.37500000000000006,0.625,1e-12,14400,256,UNKNOWN,NO_CERTIFICATE,NO_HONEST_DRIFT,,,,,,,,,,,,,,14400,1
0.25,0.2,0.15000000000000002,0.6000000000000001,0.4,1.0,1,0.22500000000000003,0.7749999999999999,1e-06,14400,1,UNKNOWN,NO_CERTIFICATE,NO_HONEST_DRIFT,,,,,,,,,,,,,,14400,1
0.25,0.2,0.15000000000000002,0.6000000000000001,0.4,1.0,1,0.22500000000000003,0.7749999999999999,1e-06,14400,256,UNKNOWN,NO_CERTIFICATE,NO_HONEST_DRIFT,,,,,,,,,,,,,,14400,1
0.25,0.2,0.15000000000000002,0.6000000000000001,0.4,1.0,1,0.22500000000000003,0.7749999999999999,1e-09,14400,1,UNKNOWN,NO_CERTIFICATE,NO_HONEST_DRIFT,,,,,,,,,,,,,,14400,1
0.25,0.2,0.15000000000000002,0.6000000000000001,0.4,1.0,1,0.22500000000000003,0.7749999999999999,1e-09,14400,256,UNKNOWN,NO_CERTIFICATE,NO_HONEST_DRIFT,,,,,,,,,,,,,,14400,1
0.25,0.2,0.15000000000000002,0.6000000000000001,0.4,1.0,1,0.22500000000000003,0.7749999999999999,1e-12,14400,1,UNKNOWN,NO_CERTIFICATE,NO_HONEST_DRIFT,,,,,,,,,,,,,,14400,1
0.25,0.2,0.15000000000000002,0.6000000000000001,0.4,1.0,1,0.22500000000000003,0.7749999999999999,1e-12,14400,256,UNKNOWN,NO_CERTIFICATE,NO_HONEST_DRIFT,,,,,,,,,,,,,,14400,1
0.25,0.2,0.15000000000000002,0.6000000000000001,0.4,2.0,2,0.135,0.865,1e-06,14400,1,UNKNOWN,NO_CERTIFICATE,NO_HONEST_DRIFT,,,,,,,,,,,,,,14400,1
0.25,0.2,0.15000000000000002,0.6000000000000001,0.4,2.0,2,0.135,0.865,1e-06,14400,256,UNKNOWN,NO_CERTIFICATE,NO_HONEST_DRIFT,,,,,,,,,,,,,,14400,1
0.25,0.2,0.15000000000000002,0.6000000000000001,0.4,2.0,2,0.135,0.865,1e-09,14400,1,UNKNOWN,NO_CERTIFICATE,NO_HONEST_DRIFT,,,,,,,,,,,,,,14400,1
0.25,0.2,0.15000000000000002,0.6000000000000001,0.4,2.0,2,0.135,0.865,1e-09,14400,256,UNKNOWN,NO_CERTIFICATE,NO_HONEST_DRIFT,,,,,,,,,,,,,,14400,1
0.25,0.2,0.15000000000000002,0.6000000000000001,0.4,2.0,2,0.135,0.865,1e-12,14400,1,UNKNOWN,NO_CERTIFICATE,NO_HONEST_DRIFT,,,,,,,,,,,,,,14400,1
0.25,0.2,0.15000000000000002,0.6000000000000001,0.4,2.0,2,0.135,0.865,1e-12,14400,256,UNKNOWN,NO_CERTIFICATE,NO_HONEST_DRIFT,,,,,,,,,,,,,,14400,1
0.3,1.0,0.7,0.0,1.0,0.0,0,0.7,0.30000000000000004,1e-06,18399,1,UNKNOWN,CONDITIONAL,,1106,1.023913453355535,2.028610301468343,1107,1107,1783,3997,1,6.661666666666667,1.662796581502826e-07,0.0,1.620894759122611e-07,6.609284503631089e-07,14400,3
0.3,1.0,0.7,0.0,1.0,0.0,0,0.7,0.30000000000000004,1e-06,19252,256,UNKNOWN,CONDITIONAL,,1342,1.0239368403155138,2.053722912023207,1343,1343,2164,4850,1,8.083333333333334,1.6544937753789242e-07,0.0,1.5517422945189324e-07,6.515223620655706e-07,14400,3
0.3,1.0,0.7,0.0,1.0,0.0,0,0.7,0.30000000000000004,1e-09,19462,1,UNKNOWN,CONDITIONAL,,1400,1.0239368403155138,2.053722912023207,1401,1401,2258,5060,1,8.433333333333334,1.6568874068360876e-10,0.0,1.4083674372977344e-10,6.379029657805997e-10,14400,3
0.3,1.0,0.7,0.0,1.0,0.0,0,0.7,0.30000000000000004,1e-09,20315,256,UNKNOWN,CONDITIONAL,,1636,1.0239368403155138,2.053722912023207,1637,1637,2639,5913,1,9.855,1.6660747562312826e-10,0.0,1.3441605451099085e-10,6.342384813803756e-10,14400,3
0.3,1.0,0.7,0.0,1.0,0.0,0,0.7,0.30000000000000004,1e-12,20524,1,UNKNOWN,CONDITIONAL,,1694,1.0239485337955034,2.071749206371147,1695,1695,2732,6122,122,10.203333333333333,1.6498693943514614e-13,0.0,1.5424942762506698e-13,6.492102459305054e-13,14400,3
0.3,1.0,0.7,0.0,1.0,0.0,0,0.7,0.30000000000000004,1e-12,21377,256,UNKNOWN,CONDITIONAL,,1930,1.0239485337955034,2.071749206371147,1931,1931,3113,6975,975,11.625,1.6509577716196558e-13,0.0,1.468925631322621e-13,6.421798946181589e-13,14400,3
0.3,1.0,0.7,0.0,1.0,0.5,0,0.7,0.30000000000000004,1e-06,18399,1,UNKNOWN,CONDITIONAL,,1106,1.023913453355535,2.028610301468343,1107,1107,1783,3997,1,6.661666666666667,1.662796581502826e-07,0.0,1.620894759122611e-07,6.609284503631089e-07,14400,3
0.3,1.0,0.7,0.0,1.0,0.5,0,0.7,0.30000000000000004,1e-06,19252,256,UNKNOWN,CONDITIONAL,,1342,1.0239368403155138,2.053722912023207,1343,1343,2164,4850,1,8.083333333333334,1.6544937753789242e-07,0.0,1.5517422945189324e-07,6.515223620655706e-07,14400,3
0.3,1.0,0.7,0.0,1.0,0.5,0,0.7,0.30000000000000004,1e-09,19462,1,UNKNOWN,CONDITIONAL,,1400,1.0239368403155138,2.053722912023207,1401,1401,2258,5060,1,8.433333333333334,1.6568874068360876e-10,0.0,1.4083674372977344e-10,6.379029657805997e-10,14400,3
0.3,1.0,0.7,0.0,1.0,0.5,0,0.7,0.30000000000000004,1e-09,20315,256,UNKNOWN,CONDITIONAL,,1636,1.0239368403155138,2.053722912023207,1637,1637,2639,5913,1,9.855,1.6660747562312826e-10,0.0,1.3441605451099085e-10,6.342384813803756e-10,14400,3
0.3,1.0,0.7,0.0,1.0,0.5,0,0.7,0.30000000000000004,1e-12,20524,1,UNKNOWN,CONDITIONAL,,1694,1.0239485337955034,2.071749206371147,1695,1695,2732,6122,122,10.203333333333333,1.6498693943514614e-13,0.0,1.5424942762506698e-13,6.492102459305054e-13,14400,3
0.3,1.0,0.7,0.0,1.0,0.5,0,0.7,0.30000000000000004,1e-12,21377,256,UNKNOWN,CONDITIONAL,,1930,1.0239485337955034,2.071749206371147,1931,1931,3113,6975,975,11.625,1.6509577716196558e-13,0.0,1.468925631322621e-13,6.421798946181589e-13,14400,3
0.3,1.0,0.7,0.0,1.0,1.0,1,0.0,1.0,1e-06,14400,1,UNKNOWN,NO_CERTIFICATE,DELAY_REDUCTION_LOOSE,,,,,,,,,,,,,,14400,1
0.3,1.0,0.7,0.0,1.0,1.0,1,0.0,1.0,1e-06,14400,256,UNKNOWN,NO_CERTIFICATE,DELAY_REDUCTION_LOOSE,,,,,,,,,,,,,,14400,1
0.3,1.0,0.7,0.0,1.0,1.0,1,0.0,1.0,1e-09,14400,1,UNKNOWN,NO_CERTIFICATE,DELAY_REDUCTION_LOOSE,,,,,,,,,,,,,,14400,1
0.3,1.0,0.7,0.0,1.0,1.0,1,0.0,1.0,1e-09,14400,256,UNKNOWN,NO_CERTIFICATE,DELAY_REDUCTION_LOOSE,,,,,,,,,,,,,,14400,1
0.3,1.0,0.7,0.0,1.0,1.0,1,0.0,1.0,1e-12,14400,1,UNKNOWN,NO_CERTIFICATE,DELAY_REDUCTION_LOOSE,,,,,,,,,,,,,,14400,1
0.3,1.0,0.7,0.0,1.0,1.0,1,0.0,1.0,1e-12,14400,256,UNKNOWN,NO_CERTIFICATE,DELAY_REDUCTION_LOOSE,,,,,,,,,,,,,,14400,1
0.3,1.0,0.7,0.0,1.0,2.0,2,0.0,1.0,1e-06,14400,1,UNKNOWN,NO_CERTIFICATE,DELAY_REDUCTION_LOOSE,,,,,,,,,,,,,,14400,1
0.3,1.0,0.7,0.0,1.0,2.0,2,0.0,1.0,1e-06,14400,256,UNKNOWN,NO_CERTIFICATE,DELAY_REDUCTION_LOOSE,,,,,,,,,,,,,,14400,1
0.3,1.0,0.7,0.0,1.0,2.0,2,0.0,1.0,1e-09,14400,1,UNKNOWN,NO_CERTIFICATE,DELAY_REDUCTION_LOOSE,,,,,,,,,,,,,,14400,1
0.3,1.0,0.7,0.0,1.0,2.0,2,0.0,1.0,1e-09,14400,256,UNKNOWN,NO_CERTIFICATE,DELAY_REDUCTION_LOOSE,,,,,,,,,,,,,,14400,1
0.3,1.0,0.7,0.0,1.0,2.0,2,0.0,1.0,1e-12,14400,1,UNKNOWN,NO_CERTIFICATE,DELAY_REDUCTION_LOOSE,,,,,,,,,,,,,,14400,1
0.3,1.0,0.7,0.0,1.0,2.0,2,0.0,1.0,1e-12,14400,256,UNKNOWN,NO_CERTIFICATE,DELAY_REDUCTION_LOOSE,,,,,,,,,,,,,,14400,1
0.3,0.7,0.48999999999999994,0.21000000000000002,0.7899999999999999,0.0,0,0.620253164556962,0.379746835443038,1e-06,37911,1,UNKNOWN,CONDITIONAL,,4841,1.0055646478099831,2.037790014980117,4842,6433,10643,23509,17509,39.181666666666665,1.6639140826061194e-07,1.5988174888043192e-07,1.5684031164469344e-07,9.75778034187393e-07,14400,4
0.3,0.7,0.48999999999999994,0.21000000000000002,0.7899999999999999,0.0,0,0.620253164556962,0.379746835443038,1e-06,42877,256,UNKNOWN,CONDITIONAL,,5863,1.0055646478099831,2.037790014980117,5864,7792,12891,28475,22475,47.458333333333336,1.6588741496027435e-07,1.598522421337599e-07,1.6170352673606584e-07,9.790702558844088e-07,14400,4
0.3,0.7,0.48999999999999994,0.21000000000000002,0.7899999999999999,0.0,0,0.620253164556962,0.379746835443038,1e-09,44093,1,UNKNOWN,CONDITIONAL,,6113,1.0055646478099831,2.037790014980117,6114,8125,13441,29691,23691,49.485,1.6642538465558348e-10,1.46239035962649e-10,1.6250002024530374e-10,9.542542461373521e-10,14400,4
0.3,0.7,0.48999999999999994,0.21000000000000002,0.7899999999999999,0.0,0,0.620253164556962,0.379746835443038,1e-09,49045,256,UNKNOWN,CONDITIONAL,,7132,1.0055646478099831,2.037790014980117,7133,9480,15683,34643,28643,57.73833333333334,1.6591973330300812e-10,1.4642023744547646e-10,1.60940547210242e-10,9.515402220102192e-10,14400,4
0.3,0.7,0.48999999999999994,0.21000000000000002,0.7899999999999999,0.0,0,0.620253164556962,0.379746835443038,1e-12,50259,1,UNKNOWN,CONDITIONAL,,7382,1.0055646478099831,2.037790014980117,7383,9812,16233,35857,29857,59.76166666666666,1.658738855529449e-13,1.5741043475946322e-13,1.6115883287525725e-13,9.736013590530184e-13,14400,4
0.3,0.7,0.48999999999999994,0.21000000000000002,0.7899999999999999,0.0,0,0.620253164556962,0.379746835443038,1e-12,55196,256,UNKNOWN,CONDITIONAL,,8398,1.0055646478099831,2.037790014980117,8399,11163,18468,40794,34794,67.99,1.6601799010613784e-13,1.5849868404252275e-13,1.6454656685318615e-13,9.795979052566451e-13,14400,4
0.3,0.7,0.48999999999999994,0.21000000000000002,0.7899999999999999,0.5,0,0.620253164556962,0.379746835443038,1e-06,37911,1,UNKNOWN,CONDITIONAL,,4841,1.0055646478099831,2.037790014980117,4842,6433,10643,23509,17509,39.181666666666665,1.6639140826061194e-07,1.5988174888043192e-07,1.5684031164469344e-07,9.75778034187393e-07,14400,4
0.3,0.7,0.48999999999999994,0.21000000000000002,0.7899999999999999,0.5,0,0.620253164556962,0.379746835443038,1e-06,42877,256,UNKNOWN,CONDITIONAL,,5863,1.0055646478099831,2.037790014980117,5864,7792,12891,28475,22475,47.458333333333336,1.6588741496027435e-07,1.598522421337599e-07,1.6170352673606584e-07,9.790702558844088e-07,14400,4
0.3,0.7,0.48999999999999994,0.21000000000000002,0.7899999999999999,0.5,0,0.620253164556962,0.379746835443038,1e-09,44093,1,UNKNOWN,CONDITIONAL,,6113,1.0055646478099831,2.037790014980117,6114,8125,13441,29691,23691,49.485,1.6642538465558348e-10,1.46239035962649e-10,1.6250002024530374e-10,9.542542461373521e-10,14400,4
0.3,0.7,0.48999999999999994,0.21000000000000002,0.7899999999999999,0.5,0,0.620253164556962,0.379746835443038,1e-09,49045,256,UNKNOWN,CONDITIONAL,,7132,1.0055646478099831,2.037790014980117,7133,9480,15683,34643,28643,57.73833333333334,1.6591973330300812e-10,1.4642023744547646e-10,1.60940547210242e-10,9.515402220102192e-10,14400,4
0.3,0.7,0.48999999999999994,0.21000000000000002,0.7899999999999999,0.5,0,0.620253164556962,0.379746835443038,1e-12,50259,1,UNKNOWN,CONDITIONAL,,7382,1.0055646478099831,2.037790014980117,7383,9812,16233,35857,29857,59.76166666666666,1.658738855529449e-13,1.5741043475946322e-13,1.6115883287525725e-13,9.736013590530184e-13,14400,4
0.3,0.7,0.48999999999999994,0.21000000000000002,0.7899999999999999,0.5,0,0.620253164556962,0.379746835443038,1e-12,55196,256,UNKNOWN,CONDITIONAL,,8398,1.0055646478099831,2.037790014980117,8399,11163,18468,40794,34794,67.99,1.6601799010613784e-13,1.5849868404252275e-13,1.6454656685318615e-13,9.795979052566451e-13,14400,4
0.3,0.7,0.48999999999999994,0.21000000000000002,0.7899999999999999,1.0,1,0.13025316455696206,0.869746835443038,1e-06,14400,1,UNKNOWN,NO_CERTIFICATE,DELAY_REDUCTION_LOOSE,,,,,,,,,,,,,,14400,1
0.3,0.7,0.48999999999999994,0.21000000000000002,0.7899999999999999,1.0,1,0.13025316455696206,0.869746835443038,1e-06,14400,256,UNKNOWN,NO_CERTIFICATE,DELAY_REDUCTION_LOOSE,,,,,,,,,,,,,,14400,1
0.3,0.7,0.48999999999999994,0.21000000000000002,0.7899999999999999,1.0,1,0.13025316455696206,0.869746835443038,1e-09,14400,1,UNKNOWN,NO_CERTIFICATE,DELAY_REDUCTION_LOOSE,,,,,,,,,,,,,,14400,1
0.3,0.7,0.48999999999999994,0.21000000000000002,0.7899999999999999,1.0,1,0.13025316455696206,0.869746835443038,1e-09,14400,256,UNKNOWN,NO_CERTIFICATE,DELAY_REDUCTION_LOOSE,,,,,,,,,,,,,,14400,1
0.3,0.7,0.48999999999999994,0.21000000000000002,0.7899999999999999,1.0,1,0.13025316455696206,0.869746835443038,1e-12,14400,1,UNKNOWN,NO_CERTIFICATE,DELAY_REDUCTION_LOOSE,,,,,,,,,,,,,,14400,1
0.3,0.7,0.48999999999999994,0.21000000000000002,0.7899999999999999,1.0,1,0.13025316455696206,0.869746835443038,1e-12,14400,256,UNKNOWN,NO_CERTIFICATE,DELAY_REDUCTION_LOOSE,,,,,,,,,,,,,,14400,1
0.3,0.7,0.48999999999999994,0.21000000000000002,0.7899999999999999,2.0,2,0.027353164556962045,0.972646835443038,1e-06,14400,1,UNKNOWN,NO_CERTIFICATE,DELAY_REDUCTION_LOOSE,,,,,,,,,,,,,,14400,1
0.3,0.7,0.48999999999999994,0.21000000000000002,0.7899999999999999,2.0,2,0.027353164556962045,0.972646835443038,1e-06,14400,256,UNKNOWN,NO_CERTIFICATE,DELAY_REDUCTION_LOOSE,,,,,,,,,,,,,,14400,1
0.3,0.7,0.48999999999999994,0.21000000000000002,0.7899999999999999,2.0,2,0.027353164556962045,0.972646835443038,1e-09,14400,1,UNKNOWN,NO_CERTIFICATE,DELAY_REDUCTION_LOOSE,,,,,,,,,,,,,,14400,1
0.3,0.7,0.48999999999999994,0.21000000000000002,0.7899999999999999,2.0,2,0.027353164556962045,0.972646835443038,1e-09,14400,256,UNKNOWN,NO_CERTIFICATE,DELAY_REDUCTION_LOOSE,,,,,,,,,,,,,,14400,1
0.3,0.7,0.48999999999999994,0.21000000000000002,0.7899999999999999,2.0,2,0.027353164556962045,0.972646835443038,1e-12,14400,1,UNKNOWN,NO_CERTIFICATE,DELAY_REDUCTION_LOOSE,,,,,,,,,,,,,,14400,1
0.3,0.7,0.48999999999999994,0.21000000000000002,0.7899999999999999,2.0,2,0.027353164556962045,0.972646835443038,1e-12,14400,256,UNKNOWN,NO_CERTIFICATE,DELAY_REDUCTION_LOOSE,,,,,,,,,,,,,,14400,1
0.3,0.4,0.27999999999999997,0.42,0.58,0.0,0,0.48275862068965514,0.5172413793103449,1e-06,14400,1,UNKNOWN,NO_CERTIFICATE,NO_HONEST_DRIFT,,,,,,,,,,,,,,14400,1
0.3,0.4,0.27999999999999997,0.42,0.58,0.0,0,0.48275862068965514,0.5172413793103449,1e-06,14400,256,UNKNOWN,NO_CERTIFICATE,NO_HONEST_DRIFT,,,,,,,,,,,,,,14400,1
0.3,0.4,0.27999999999999997,0.42,0.58,0.0,0,0.48275862068965514,0.5172413793103449,1e-09,14400,1,UNKNOWN,NO_CERTIFICATE,NO_HONEST_DRIFT,,,,,,,,,,,,,,14400,1
0.3,0.4,0.27999999999999997,0.42,0.58,0.0,0,0.48275862068965514,0.5172413793103449,1e-09,14400,256,UNKNOWN,NO_CERTIFICATE,NO_HONEST_DRIFT,,,,,,,,,,,,,,14400,1
0.3,0.4,0.27999999999999997,0.42,0.58,0.0,0,0.48275862068965514,0.5172413793103449,1e-12,14400,1,UNKNOWN,NO_CERTIFICATE,NO_HONEST_DRIFT,,,,,,,,,,,,,,14400,1
0.3,0.4,0.27999999999999997,0.42,0.58,0.0,0,0.48275862068965514,0.5172413793103449,1e-12,14400,256,UNKNOWN,NO_CERTIFICATE,NO_HONEST_DRIFT,,,,,,,,,,,,,,14400,1
0.3,0.4,0.27999999999999997,0.42,0.58,0.5,0,0.48275862068965514,0.5172413793103449,1e-06,14400,1,UNKNOWN,NO_CERTIFICATE,NO_HONEST_DRIFT,,,,,,,,,,,,,,14400,1
0.3,0.4,0.27999999999999997,0.42,0.58,0.5,0,0.48275862068965514,0.5172413793103449,1e-06,14400,256,UNKNOWN,NO_CERTIFICATE,NO_HONEST_DRIFT,,,,,,,,,,,,,,14400,1
0.3,0.4,0.27999999999999997,0.42,0.58,0.5,0,0.48275862068965514,0.5172413793103449,1e-09,14400,1,UNKNOWN,NO_CERTIFICATE,NO_HONEST_DRIFT,,,,,,,,,,,,,,14400,1
0.3,0.4,0.27999999999999997,0.42,0.58,0.5,0,0.48275862068965514,0.5172413793103449,1e-09,14400,256,UNKNOWN,NO_CERTIFICATE,NO_HONEST_DRIFT,,,,,,,,,,,,,,14400,1
0.3,0.4,0.27999999999999997,0.42,0.58,0.5,0,0.48275862068965514,0.5172413793103449,1e-12,14400,1,UNKNOWN,NO_CERTIFICATE,NO_HONEST_DRIFT,,,,,,,,,,,,,,14400,1
0.3,0.4,0.27999999999999997,0.42,0.58,0.5,0,0.48275862068965514,0.5172413793103449,1e-12,14400,256,UNKNOWN,NO_CERTIFICATE,NO_HONEST_DRIFT,,,,,,,,,,,,,,14400,1
0.3,0.4,0.27999999999999997,0.42,0.58,1.0,1,0.20275862068965517,0.7972413793103448,1e-06,14400,1,UNKNOWN,NO_CERTIFICATE,NO_HONEST_DRIFT,,,,,,,,,,,,,,14400,1
0.3,0.4,0.27999999999999997,0.42,0.58,1.0,1,0.20275862068965517,0.7972413793103448,1e-06,14400,256,UNKNOWN,NO_CERTIFICATE,NO_HONEST_DRIFT,,,,,,,,,,,,,,14400,1
0.3,0.4,0.27999999999999997,0.42,0.58,1.0,1,0.20275862068965517,0.7972413793103448,1e-09,14400,1,UNKNOWN,NO_CERTIFICATE,NO_HONEST_DRIFT,,,,,,,,,,,,,,14400,1
0.3,0.4,0.27999999999999997,0.42,0.58,1.0,1,0.20275862068965517,0.7972413793103448,1e-09,14400,256,UNKNOWN,NO_CERTIFICATE,NO_HONEST_DRIFT,,,,,,,,,,,,,,14400,1
0.3,0.4,0.27999999999999997,0.42,0.58,1.0,1,0.20275862068965517,0.7972413793103448,1e-12,14400,1,UNKNOWN,NO_CERTIFICATE,NO_HONEST_DRIFT,,,,,,,,,,,,,,14400,1
0.3,0.4,0.27999999999999997,0.42,0.58,1.0,1,0.20275862068965517,0.7972413793103448,1e-12,14400,256,UNKNOWN,NO_CERTIFICATE,NO_HONEST_DRIFT,,,,,,,,,,,,,,14400,1
0.3,0.4,0.27999999999999997,0.42,0.58,2.0,2,0.08515862068965518,0.9148413793103448,1e-06,14400,1,UNKNOWN,NO_CERTIFICATE,NO_HONEST_DRIFT,,,,,,,,,,,,,,14400,1
0.3,0.4,0.27999999999999997,0.42,0.58,2.0,2,0.08515862068965518,0.9148413793103448,1e-06,14400,256,UNKNOWN,NO_CERTIFICATE,NO_HONEST_DRIFT,,,,,,,,,,,,,,14400,1
0.3,0.4,0.27999999999999997,0.42,0.58,2.0,2,0.08515862068965518,0.9148413793103448,1e-09,14400,1,UNKNOWN,NO_CERTIFICATE,NO_HONEST_DRIFT,,,,,,,,,,,,,,14400,1
0.3,0.4,0.27999999999999997,0.42,0.58,2.0,2,0.08515862068965518,0.9148413793103448,1e-09,14400,256,UNKNOWN,NO_CERTIFICATE,NO_HONEST_DRIFT,,,,,,,,,,,,,,14400,1
0.3,0.4,0.27999999999999997,0.42,0.58,2.0,2,0.08515862068965518,0.9148413793103448,1e-12,14400,1,UNKNOWN,NO_CERTIFICATE,NO_HONEST_DRIFT,,,,,,,,,,,,,,14400,1
0.3,0.4,0.27999999999999997,0.42,0.58,2.0,2,0.08515862068965518,0.9148413793103448,1e-12,14400,256,UNKNOWN,NO_CERTIFICATE,NO_HONEST_DRIFT,,,,,,,,,,,,,,14400,1
0.3,0.2,0.13999999999999999,0.5599999999999999,0.43999999999999995,0.0,0,0.3181818181818182,0.6818181818181819,1e-06,14400,1,UNKNOWN,NO_CERTIFICATE,NO_HONEST_DRIFT,,,,,,,,,,,,,,14400,1
0.3,0.2,0.13999999999999999,0.5599999999999999,0.43999999999999995,0.0,0,0.3181818181818182,0.6818181818181819,1e-06,14400,256,UNKNOWN,NO_CERTIFICATE,NO_HONEST_DRIFT,,,,,,,,,,,,,,14400,1
0.3,0.2,0.13999999999999999,0.5599999999999999,0.43999999999999995,0.0,0,0.3181818181818182,0.6818181818181819,1e-09,14400,1,UNKNOWN,NO_CERTIFICATE,NO_HONEST_DRIFT,,,,,,,,,,,,,,14400,1
0.3,0.2,0.13999999999999999,0.5599999999999999,0.43999999999999995,0.0,0,0.3181818181818182,0.6818181818181819,1e-09,14400,256,UNKNOWN,NO_CERTIFICATE,NO_HONEST_DRIFT,,,,,,,,,,,,,,14400,1
0.3,0.2,0.13999999999999999,0.5599999999999999,0.43999999999999995,0.0,0,0.3181818181818182,0.6818181818181819,1e-12,14400,1,UNKNOWN,NO_CERTIFICATE,NO_HONEST_DRIFT,,,,,,,,,,,,,,14400,1
0.3,0.2,0.13999999999999999,0.5599999999999999,0.43999999999999995,0.0,0,0.3181818181818182,0.6818181818181819,1e-12,14400,256,UNKNOWN,NO_CERTIFICATE,NO_HONEST_DRIFT,,,,,,,,,,,,,,14400,1
0.3,0.2,0.13999999999999999,0.5599999999999999,0.43999999999999995,0.5,0,0.3181818181818182,0.6818181818181819,1e-06,14400,1,UNKNOWN,NO_CERTIFICATE,NO_HONEST_DRIFT,,,,,,,,,,,,,,14400,1
0.3,0.2,0.13999999999999999,0.5599999999999999,0.43999999999999995,0.5,0,0.3181818181818182,0.6818181818181819,1e-06,14400,256,UNKNOWN,NO_CERTIFICATE,NO_HONEST_DRIFT,,,,,,,,,,,,,,14400,1
0.3,0.2,0.13999999999999999,0.5599999999999999,0.43999999999999995,0.5,0,0.3181818181818182,0.6818181818181819,1e-09,14400,1,UNKNOWN,NO_CERTIFICATE,NO_HONEST_DRIFT,,,,,,,,,,,,,,14400,1
0.3,0.2,0.13999999999999999,0.5599999999999999,0.43999999999999995,0.5,0,0.3181818181818182,0.6818181818181819,1e-09,14400,256,UNKNOWN,NO_CERTIFICATE,NO_HONEST_DRIFT,,,,,,,,,,,,,,14400,1
0.3,0.2,0.13999999999999999,0.5599999999999999,0.43999999999999995,0.5,0,0.3181818181818182,0.6818181818181819,1e-12,14400,1,UNKNOWN,NO_CERTIFICATE,NO_HONEST_DRIFT,,,,,,,,,,,,,,14400,1
0.3,0.2,0.13999999999999999,0.5599999999999999,0.43999999999999995,0.5,0,0.3181818181818182,0.6818181818181819,1e-12,14400,256,UNKNOWN,NO_CERTIFICATE,NO_HONEST_DRIFT,,,,,,,,,,,,,,14400,1
0.3,0.2,0.13999999999999999,0.5599999999999999,0.43999999999999995,1.0,1,0.1781818181818182,0.8218181818181818,1e-06,14400,1,UNKNOWN,NO_CERTIFICATE,NO_HONEST_DRIFT,,,,,,,,,,,,,,14400,1
0.3,0.2,0.13999999999999999,0.5599999999999999,0.43999999999999995,1.0,1,0.1781818181818182,0.8218181818181818,1e-06,14400,256,UNKNOWN,NO_CERTIFICATE,NO_HONEST_DRIFT,,,,,,,,,,,,,,14400,1
0.3,0.2,0.13999999999999999,0.5599999999999999,0.43999999999999995,1.0,1,0.1781818181818182,0.8218181818181818,1e-09,14400,1,UNKNOWN,NO_CERTIFICATE,NO_HONEST_DRIFT,,,,,,,,,,,,,,14400,1
0.3,0.2,0.13999999999999999,0.5599999999999999,0.43999999999999995,1.0,1,0.1781818181818182,0.8218181818181818,1e-09,14400,256,UNKNOWN,NO_CERTIFICATE,NO_HONEST_DRIFT,,,,,,,,,,,,,,14400,1
0.3,0.2,0.13999999999999999,0.5599999999999999,0.43999999999999995,1.0,1,0.1781818181818182,0.8218181818181818,1e-12,14400,1,UNKNOWN,NO_CERTIFICATE,NO_HONEST_DRIFT,,,,,,,,,,,,,,14400,1
0.3,0.2,0.13999999999999999,0.5599999999999999,0.43999999999999995,1.0,1,0.1781818181818182,0.8218181818181818,1e-12,14400,256,UNKNOWN,NO_CERTIFICATE,NO_HONEST_DRIFT,,,,,,,,,,,,,,14400,1
0.3,0.2,0.13999999999999999,0.5599999999999999,0.43999999999999995,2.0,2,0.0997818181818182,0.9002181818181818,1e-06,14400,1,UNKNOWN,NO_CERTIFICATE,NO_HONEST_DRIFT,,,,,,,,,,,,,,14400,1
0.3,0.2,0.13999999999999999,0.5599999999999999,0.43999999999999995,2.0,2,0.0997818181818182,0.9002181818181818,1e-06,14400,256,UNKNOWN,NO_CERTIFICATE,NO_HONEST_DRIFT,,,,,,,,,,,,,,14400,1
0.3,0.2,0.13999999999999999,0.5599999999999999,0.43999999999999995,2.0,2,0.0997818181818182,0.9002181818181818,1e-09,14400,1,UNKNOWN,NO_CERTIFICATE,NO_HONEST_DRIFT,,,,,,,,,,,,,,14400,1
0.3,0.2,0.13999999999999999,0.5599999999999999,0.43999999999999995,2.0,2,0.0997818181818182,0.9002181818181818,1e-09,14400,256,UNKNOWN,NO_CERTIFICATE,NO_HONEST_DRIFT,,,,,,,,,,,,,,14400,1
0.3,0.2,0.13999999999999999,0.5599999999999999,0.43999999999999995,2.0,2,0.0997818181818182,0.9002181818181818,1e-12,14400,1,UNKNOWN,NO_CERTIFICATE,NO_HONEST_DRIFT,,,,,,,,,,,,,,14400,1
0.3,0.2,0.13999999999999999,0.5599999999999999,0.43999999999999995,2.0,2,0.0997818181818182,0.9002181818181818,1e-12,14400,256,UNKNOWN,NO_CERTIFICATE,NO_HONEST_DRIFT,,,,,,,,,,,,,,14400,1
