beta,u,delay,epsilon,current_K,current_b,history_horizon,status,N_v06_status,required_window_with_current_b,required_b_for_block_risk,reason
0.1,1.0,0.0,1e-06,7200,2880,27602,SUFFICIENT_IN_H_REF,UNKNOWN,3594,124,
0.1,1.0,0.0,1e-09,7200,2880,27602,SUFFICIENT_IN_H_REF,UNKNOWN,3678,156,
0.1,1.0,0.0,1e-12,7200,2880,27602,SUFFICIENT_IN_H_REF,UNKNOWN,3760,188,
0.1,1.0,0.5,1e-06,7200,2880,27602,SUFFICIENT_IN_H_REF,UNKNOWN,3594,124,
0.1,1.0,0.5,1e-09,7200,2880,27602,SUFFICIENT_IN_H_REF,UNKNOWN,3678,156,
0.1,1.0,0.5,1e-12,7200,2880,27602,SUFFICIENT_IN_H_REF,UNKNOWN,3760,188,
0.1,1.0,1.0,1e-06,7200,2880,27603,NO_CERTIFICATE,UNKNOWN,,,DELAY_REDUCTION_LOOSE
0.1,1.0,1.0,1e-09,7200,2880,27603,NO_CERTIFICATE,UNKNOWN,,,DELAY_REDUCTION_LOOSE
0.1,1.0,1.0,1e-12,7200,2880,27603,NO_CERTIFICATE,UNKNOWN,,,DELAY_REDUCTION_LOOSE
0.1,1.0,2.0,1e-06,7200,2880,27604,NO_CERTIFICATE,UNKNOWN,,,DELAY_REDUCTION_LOOSE
0.1,1.0,2.0,1e-09,7200,2880,27604,NO_CERTIFICATE,UNKNOWN,,,DELAY_REDUCTION_LOOSE
0.1,1.0,2.0,1e-12,7200,2880,27604,NO_CERTIFICATE,UNKNOWN,,,DELAY_REDUCTION_LOOSE
0.1,0.7,0.0,1e-06,7200,2880,27602,SUFFICIENT_IN_H_REF,UNKNOWN,5617,179,
0.1,0.7,0.0,1e-09,7200,2880,27602,SUFFICIENT_IN_H_REF,UNKNOWN,5839,225,
0.1,0.7,0.0,1e-12,7200,2880,27602,SUFFICIENT_IN_H_REF,UNKNOWN,6056,271,
0.1,0.7,0.5,1e-06,7200,2880,27602,SUFFICIENT_IN_H_REF,UNKNOWN,5617,179,
0.1,0.7,0.5,1e-09,7200,2880,27602,SUFFICIENT_IN_H_REF,UNKNOWN,5839,225,
0.1,0.7,0.5,1e-12,7200,2880,27602,SUFFICIENT_IN_H_REF,UNKNOWN,6056,271,
0.1,0.7,1.0,1e-06,7200,2880,27603,NO_CERTIFICATE,UNKNOWN,,,DELAY_REDUCTION_LOOSE
0.1,0.7,1.0,1e-09,7200,2880,27603,NO_CERTIFICATE,UNKNOWN,,,DELAY_REDUCTION_LOOSE
0.1,0.7,1.0,1e-12,7200,2880,27603,NO_CERTIFICATE,UNKNOWN,,,DELAY_REDUCTION_LOOSE
0.1,0.7,2.0,1e-06,7200,2880,27604,NO_CERTIFICATE,UNKNOWN,,,DELAY_REDUCTION_LOOSE
0.1,0.7,2.0,1e-09,7200,2880,27604,NO_CERTIFICATE,UNKNOWN,,,DELAY_REDUCTION_LOOSE
0.1,0.7,2.0,1e-12,7200,2880,27604,NO_CERTIFICATE,UNKNOWN,,,DELAY_REDUCTION_LOOSE
0.1,0.4,0.0,1e-06,7200,2880,27602,SUFFICIENT_IN_H_REF,UNKNOWN,11173,405,
0.1,0.4,0.0,1e-09,7200,2880,27602,SUFFICIENT_IN_H_REF,UNKNOWN,11886,510,
0.1,0.4,0.0,1e-12,7200,2880,27602,SUFFICIENT_IN_H_REF,UNKNOWN,12587,615,
0.1,0.4,0.5,1e-06,7200,2880,27602,SUFFICIENT_IN_H_REF,UNKNOWN,11173,405,
0.1,0.4,0.5,1e-09,7200,2880,27602,SUFFICIENT_IN_H_REF,UNKNOWN,11886,510,
0.1,0.4,0.5,1e-12,7200,2880,27602,SUFFICIENT_IN_H_REF,UNKNOWN,12587,615,
0.1,0.4,1.0,1e-06,7200,2880,27603,NO_CERTIFICATE,UNKNOWN,,,DELAY_REDUCTION_LOOSE
0.1,0.4,1.0,1e-09,7200,2880,27603,NO_CERTIFICATE,UNKNOWN,,,DELAY_REDUCTION_LOOSE
0.1,0.4,1.0,1e-12,7200,2880,27603,NO_CERTIFICATE,UNKNOWN,,,DELAY_REDUCTION_LOOSE
0.1,0.4,2.0,1e-06,7200,2880,27604,NO_CERTIFICATE,UNKNOWN,,,DELAY_REDUCTION_LOOSE
0.1,0.4,2.0,1e-09,7200,2880,27604,NO_CERTIFICATE,UNKNOWN,,,DELAY_REDUCTION_LOOSE
0.1,0.4,2.0,1e-12,7200,2880,27604,NO_CERTIFICATE,UNKNOWN,,,DELAY_REDUCTION_LOOSE
0.1,0.2,0.0,1e-06,7200,2880,27602,NOT_CERTIFIED_BY_THIS_BOUND,UNKNOWN,41441,2934,
0.1,0.2,0.0,1e-09,7200,2880,27602,NOT_CERTIFIED_BY_THIS_BOUND,UNKNOWN,47809,3697,
0.1,0.2,0.0,1e-12,7200,2880,27602,NOT_CERTIFIED_BY_THIS_BOUND,UNKNOWN,54154,4460,
0.1,0.2,0.5,1e-06,7200,2880,27602,NOT_CERTIFIED_BY_THIS_BOUND,UNKNOWN,41441,2934,
0.1,0.2,0.5,1e-09,7200,2880,27602,NOT_CERTIFIED_BY_THIS_BOUND,UNKNOWN,47809,3697,
0.1,0.2,0.5,1e-12,7200,2880,27602,NOT_CERTIFIED_BY_THIS_BOUND,UNKNOWN,54154,4460,
0.1,0.2,1.0,1e-06,7200,2880,27603,NO_CERTIFICATE,UNKNOWN,,,DELAY_REDUCTION_LOOSE
0.1,0.2,1.0,1e-09,7200,2880,27603,NO_CERTIFICATE,UNKNOWN,,,DELAY_REDUCTION_LOOSE
0.1,0.2,1.0,1e-12,7200,2880,27603,NO_CERTIFICATE,UNKNOWN,,,DELAY_REDUCTION_LOOSE
0.1,0.2,2.0,1e-06,7200,2880,27604,NO_CERTIFICATE,UNKNOWN,,,DELAY_REDUCTION_LOOSE
0.1,0.2,2.0,1e-09,7200,2880,27604,NO_CERTIFICATE,UNKNOWN,,,DELAY_REDUCTION_LOOSE
0.1,0.2,2.0,1e-12,7200,2880,27604,NO_CERTIFICATE,UNKNOWN,,,DELAY_REDUCTION_LOOSE
0.2,1.0,0.0,1e-06,7200,2880,27602,SUFFICIENT_IN_H_REF,UNKNOWN,4503,337,
0.2,1.0,0.0,1e-09,7200,2880,27602,SUFFICIENT_IN_H_REF,UNKNOWN,4708,424,
0.2,1.0,0.0,1e-12,7200,2880,27602,SUFFICIENT_IN_H_REF,UNKNOWN,4909,511,
0.2,1.0,0.5,1e-06,7200,2880,27602,SUFFICIENT_IN_H_REF,UNKNOWN,4503,337,
0.2,1.0,0.5,1e-09,7200,2880,27602,SUFFICIENT_IN_H_REF,UNKNOWN,4708,424,
0.2,1.0,0.5,1e-12,7200,2880,27602,SUFFICIENT_IN_H_REF,UNKNOWN,4909,511,
0.2,1.0,1.0,1e-06,7200,2880,27603,NO_CERTIFICATE,UNKNOWN,,,DELAY_REDUCTION_LOOSE
0.2,1.0,1.0,1e-09,7200,2880,27603,NO_CERTIFICATE,UNKNOWN,,,DELAY_REDUCTION_LOOSE
0.2,1.0,1.0,1e-12,7200,2880,27603,NO_CERTIFICATE,UNKNOWN,,,DELAY_REDUCTION_LOOSE
0.2,1.0,2.0,1e-06,7200,2880,27604,NO_CERTIFICATE,UNKNOWN,,,DELAY_REDUCTION_LOOSE
0.2,1.0,2.0,1e-09,7200,2880,27604,NO_CERTIFICATE,UNKNOWN,,,DELAY_REDUCTION_LOOSE
0.2,1.0,2.0,1e-12,7200,2880,27604,NO_CERTIFICATE,UNKNOWN,,,DELAY_REDUCTION_LOOSE
0.2,0.7,0.0,1e-06,7200,2880,27602,SUFFICIENT_IN_H_REF,UNKNOWN,7703,688,
0.2,0.7,0.0,1e-09,7200,2880,27602,SUFFICIENT_IN_H_REF,UNKNOWN,8304,866,
0.2,0.7,0.0,1e-12,7200,2880,27602,SUFFICIENT_IN_H_REF,UNKNOWN,8906,1045,
0.2,0.7,0.5,1e-06,7200,2880,27602,SUFFICIENT_IN_H_REF,UNKNOWN,7703,688,
0.2,0.7,0.5,1e-09,7200,2880,27602,SUFFICIENT_IN_H_REF,UNKNOWN,8304,866,
0.2,0.7,0.5,1e-12,7200,2880,27602,SUFFICIENT_IN_H_REF,UNKNOWN,8906,1045,
0.2,0.7,1.0,1e-06,7200,2880,27603,NO_CERTIFICATE,UNKNOWN,,,DELAY_REDUCTION_LOOSE
0.2,0.7,1.0,1e-09,7200,2880,27603,NO_CERTIFICATE,UNKNOWN,,,DELAY_REDUCTION_LOOSE
0.2,0.7,1.0,1e-12,7200,2880,27603,NO_CERTIFICATE,UNKNOWN,,,DELAY_REDUCTION_LOOSE
0.2,0.7,2.0,1e-06,7200,2880,27604,NO_CERTIFICATE,UNKNOWN,,,DELAY_REDUCTION_LOOSE
0.2,0.7,2.0,1e-09,7200,2880,27604,NO_CERTIFICATE,UNKNOWN,,,DELAY_REDUCTION_LOOSE
0.2,0.7,2.0,1e-12,7200,2880,27604,NO_CERTIFICATE,UNKNOWN,,,DELAY_REDUCTION_LOOSE
0.2,0.4,0.0,1e-06,7200,2880,27602,NOT_CERTIFIED_BY_THIS_BOUND,UNKNOWN,32186,5381,
0.2,0.4,0.0,1e-09,7200,2880,27602,NOT_CERTIFIED_BY_THIS_BOUND,UNKNOWN,38092,6781,
0.2,0.4,0.0,1e-12,7200,2880,27602,NOT_CERTIFIED_BY_THIS_BOUND,UNKNOWN,43984,8181,
0.2,0.4,0.5,1e-06,7200,2880,27602,NOT_CERTIFIED_BY_THIS_BOUND,UNKNOWN,32186,5381,
0.2,0.4,0.5,1e-09,7200,2880,27602,NOT_CERTIFIED_BY_THIS_BOUND,UNKNOWN,38092,6781,
0.2,0.4,0.5,1e-12,7200,2880,27602,NOT_CERTIFIED_BY_THIS_BOUND,UNKNOWN,43984,8181,
0.2,0.4,1.0,1e-06,7200,2880,27603,NO_CERTIFICATE,UNKNOWN,,,DELAY_REDUCTION_LOOSE
0.2,0.4,1.0,1e-09,7200,2880,27603,NO_CERTIFICATE,UNKNOWN,,,DELAY_REDUCTION_LOOSE
0.2,0.4,1.0,1e-12,7200,2880,27603,NO_CERTIFICATE,UNKNOWN,,,DELAY_REDUCTION_LOOSE
0.2,0.4,2.0,1e-06,7200,2880,27604,NO_CERTIFICATE,UNKNOWN,,,DELAY_REDUCTION_LOOSE
0.2,0.4,2.0,1e-09,7200,2880,27604,NO_CERTIFICATE,UNKNOWN,,,DELAY_REDUCTION_LOOSE
0.2,0.4,2.0,1e-12,7200,2880,27604,NO_CERTIFICATE,UNKNOWN,,,DELAY_REDUCTION_LOOSE
0.2,0.2,0.0,1e-06,7200,2880,27602,NO_CERTIFICATE,UNKNOWN,,,NO_HONEST_DRIFT
0.2,0.2,0.0,1e-09,7200,2880,27602,NO_CERTIFICATE,UNKNOWN,,,NO_HONEST_DRIFT
0.2,0.2,0.0,1e-12,7200,2880,27602,NO_CERTIFICATE,UNKNOWN,,,NO_HONEST_DRIFT
0.2,0.2,0.5,1e-06,7200,2880,27602,NO_CERTIFICATE,UNKNOWN,,,NO_HONEST_DRIFT
0.2,0.2,0.5,1e-09,7200,2880,27602,NO_CERTIFICATE,UNKNOWN,,,NO_HONEST_DRIFT
0.2,0.2,0.5,1e-12,7200,2880,27602,NO_CERTIFICATE,UNKNOWN,,,NO_HONEST_DRIFT
0.2,0.2,1.0,1e-06,7200,2880,27603,NO_CERTIFICATE,UNKNOWN,,,NO_HONEST_DRIFT
0.2,0.2,1.0,1e-09,7200,2880,27603,NO_CERTIFICATE,UNKNOWN,,,NO_HONEST_DRIFT
0.2,0.2,1.0,1e-12,7200,2880,27603,NO_CERTIFICATE,UNKNOWN,,,NO_HONEST_DRIFT
0.2,0.2,2.0,1e-06,7200,2880,27604,NO_CERTIFICATE,UNKNOWN,,,NO_HONEST_DRIFT
0.2,0.2,2.0,1e-09,7200,2880,27604,NO_CERTIFICATE,UNKNOWN,,,NO_HONEST_DRIFT
0.2,0.2,2.0,1e-12,7200,2880,27604,NO_CERTIFICATE,UNKNOWN,,,NO_HONEST_DRIFT
0.25,1.0,0.0,1e-06,7200,2880,27602,SUFFICIENT_IN_H_REF,UNKNOWN,5284,586,
0.25,1.0,0.0,1e-09,7200,2880,27602,SUFFICIENT_IN_H_REF,UNKNOWN,5624,738,
0.25,1.0,0.0,1e-12,7200,2880,27602,SUFFICIENT_IN_H_REF,UNKNOWN,5963,891,
0.25,1.0,0.5,1e-06,7200,2880,27602,SUFFICIENT_IN_H_REF,UNKNOWN,5284,586,
0.25,1.0,0.5,1e-09,7200,2880,27602,SUFFICIENT_IN_H_REF,UNKNOWN,5624,738,
0.25,1.0,0.5,1e-12,7200,2880,27602,SUFFICIENT_IN_H_REF,UNKNOWN,5963,891,
0.25,1.0,1.0,1e-06,7200,2880,27603,NO_CERTIFICATE,UNKNOWN,,,DELAY_REDUCTION_LOOSE
0.25,1.0,1.0,1e-09,7200,2880,27603,NO_CERTIFICATE,UNKNOWN,,,DELAY_REDUCTION_LOOSE
0.25,1.0,1.0,1e-12,7200,2880,27603,NO_CERTIFICATE,UNKNOWN,,,DELAY_REDUCTION_LOOSE
0.25,1.0,2.0,1e-06,7200,2880,27604,NO_CERTIFICATE,UNKNOWN,,,DELAY_REDUCTION_LOOSE
0.25,1.0,2.0,1e-09,7200,2880,27604,NO_CERTIFICATE,UNKNOWN,,,DELAY_REDUCTION_LOOSE
0.25,1.0,2.0,1e-12,7200,2880,27604,NO_CERTIFICATE,UNKNOWN,,,DELAY_REDUCTION_LOOSE
0.25,0.7,0.0,1e-06,7200,2880,27602,SUFFICIENT_IN_H_REF,UNKNOWN,10479,1584,
0.25,0.7,0.0,1e-09,7200,2880,27602,SUFFICIENT_IN_H_REF,UNKNOWN,11713,1996,
0.25,0.7,0.0,1e-12,7200,2880,27602,SUFFICIENT_IN_H_REF,UNKNOWN,12937,2407,
0.25,0.7,0.5,1e-06,7200,2880,27602,SUFFICIENT_IN_H_REF,UNKNOWN,10479,1584,
0.25,0.7,0.5,1e-09,7200,2880,27602,SUFFICIENT_IN_H_REF,UNKNOWN,11713,1996,
0.25,0.7,0.5,1e-12,7200,2880,27602,SUFFICIENT_IN_H_REF,UNKNOWN,12937,2407,
0.25,0.7,1.0,1e-06,7200,2880,27603,NO_CERTIFICATE,UNKNOWN,,,DELAY_REDUCTION_LOOSE
0.25,0.7,1.0,1e-09,7200,2880,27603,NO_CERTIFICATE,UNKNOWN,,,DELAY_REDUCTION_LOOSE
0.25,0.7,1.0,1e-12,7200,2880,27603,NO_CERTIFICATE,UNKNOWN,,,DELAY_REDUCTION_LOOSE
0.25,0.7,2.0,1e-06,7200,2880,27604,NO_CERTIFICATE,UNKNOWN,,,DELAY_REDUCTION_LOOSE
0.25,0.7,2.0,1e-09,7200,2880,27604,NO_CERTIFICATE,UNKNOWN,,,DELAY_REDUCTION_LOOSE
0.25,0.7,2.0,1e-12,7200,2880,27604,NO_CERTIFICATE,UNKNOWN,,,DELAY_REDUCTION_LOOSE
0.25,0.4,0.0,1e-06,7200,2880,27602,NOT_CERTIFIED_BY_THIS_BOUND,UNKNOWN,300174,78238,
0.25,0.4,0.0,1e-09,7200,2880,27602,NOT_CERTIFIED_BY_THIS_BOUND,UNKNOWN,375722,98614,
0.25,0.4,0.0,1e-12,7200,2880,27602,NOT_CERTIFIED_BY_THIS_BOUND,UNKNOWN,451259,118990,
0.25,0.4,0.5,1e-06,7200,2880,27602,NOT_CERTIFIED_BY_THIS_BOUND,UNKNOWN,300174,78238,
0.25,0.4,0.5,1e-09,7200,2880,27602,NOT_CERTIFIED_BY_THIS_BOUND,UNKNOWN,375722,98614,
0.25,0.4,0.5,1e-12,7200,2880,27602,NOT_CERTIFIED_BY_THIS_BOUND,UNKNOWN,451259,118990,
0.25,0.4,1.0,1e-06,7200,2880,27603,NO_CERTIFICATE,UNKNOWN,,,DELAY_REDUCTION_LOOSE
0.25,0.4,1.0,1e-09,7200,2880,27603,NO_CERTIFICATE,UNKNOWN,,,DELAY_REDUCTION_LOOSE
0.25,0.4,1.0,1e-12,7200,2880,27603,NO_CERTIFICATE,UNKNOWN,,,DELAY_REDUCTION_LOOSE
0.25,0.4,2.0,1e-06,7200,2880,27604,NO_CERTIFICATE,UNKNOWN,,,DELAY_REDUCTION_LOOSE
0.25,0.4,2.0,1e-09,7200,2880,27604,NO_CERTIFICATE,UNKNOWN,,,DELAY_REDUCTION_LOOSE
0.25,0.4,2.0,1e-12,7200,2880,27604,NO_CERTIFICATE,UNKNOWN,,,DELAY_REDUCTION_LOOSE
0.25,0.2,0.0,1e-06,7200,2880,27602,NO_CERTIFICATE,UNKNOWN,,,NO_HONEST_DRIFT
0.25,0.2,0.0,1e-09,7200,2880,27602,NO_CERTIFICATE,UNKNOWN,,,NO_HONEST_DRIFT
0.25,0.2,0.0,1e-12,7200,2880,27602,NO_CERTIFICATE,UNKNOWN,,,NO_HONEST_DRIFT
0.25,0.2,0.5,1e-06,7200,2880,27602,NO_CERTIFICATE,UNKNOWN,,,NO_HONEST_DRIFT
0.25,0.2,0.5,1e-09,7200,2880,27602,NO_CERTIFICATE,UNKNOWN,,,NO_HONEST_DRIFT
0.25,0.2,0.5,1e-12,7200,2880,27602,NO_CERTIFICATE,UNKNOWN,,,NO_HONEST_DRIFT
0.25,0.2,1.0,1e-06,7200,2880,27603,NO_CERTIFICATE,UNKNOWN,,,NO_HONEST_DRIFT
0.25,0.2,1.0,1e-09,7200,2880,27603,NO_CERTIFICATE,UNKNOWN,,,NO_HONEST_DRIFT
0.25,0.2,1.0,1e-12,7200,2880,27603,NO_CERTIFICATE,UNKNOWN,,,NO_HONEST_DRIFT
0.25,0.2,2.0,1e-06,7200,2880,27604,NO_CERTIFICATE,UNKNOWN,,,NO_HONEST_DRIFT
0.25,0.2,2.0,1e-09,7200,2880,27604,NO_CERTIFICATE,UNKNOWN,,,NO_HONEST_DRIFT
0.25,0.2,2.0,1e-12,7200,2880,27604,NO_CERTIFICATE,UNKNOWN,,,NO_HONEST_DRIFT
0.3,1.0,0.0,1e-06,7200,2880,27602,SUFFICIENT_IN_H_REF,UNKNOWN,6681,1124,
0.3,1.0,0.0,1e-09,7200,2880,27602,SUFFICIENT_IN_H_REF,UNKNOWN,7307,1416,
0.3,1.0,0.0,1e-12,7200,2880,27602,SUFFICIENT_IN_H_REF,UNKNOWN,7929,1708,
0.3,1.0,0.5,1e-06,7200,2880,27602,SUFFICIENT_IN_H_REF,UNKNOWN,6681,1124,
0.3,1.0,0.5,1e-09,7200,2880,27602,SUFFICIENT_IN_H_REF,UNKNOWN,7307,1416,
0.3,1.0,0.5,1e-12,7200,2880,27602,SUFFICIENT_IN_H_REF,UNKNOWN,7929,1708,
0.3,1.0,1.0,1e-06,7200,2880,27603,NO_CERTIFICATE,UNKNOWN,,,DELAY_REDUCTION_LOOSE
0.3,1.0,1.0,1e-09,7200,2880,27603,NO_CERTIFICATE,UNKNOWN,,,DELAY_REDUCTION_LOOSE
0.3,1.0,1.0,1e-12,7200,2880,27603,NO_CERTIFICATE,UNKNOWN,,,DELAY_REDUCTION_LOOSE
0.3,1.0,2.0,1e-06,7200,2880,27604,NO_CERTIFICATE,UNKNOWN,,,DELAY_REDUCTION_LOOSE
0.3,1.0,2.0,1e-09,7200,2880,27604,NO_CERTIFICATE,UNKNOWN,,,DELAY_REDUCTION_LOOSE
0.3,1.0,2.0,1e-12,7200,2880,27604,NO_CERTIFICATE,UNKNOWN,,,DELAY_REDUCTION_LOOSE
0.3,0.7,0.0,1e-06,7200,2880,27602,NOT_CERTIFIED_BY_THIS_BOUND,UNKNOWN,19181,4785,
0.3,0.7,0.0,1e-09,7200,2880,27602,NOT_CERTIFIED_BY_THIS_BOUND,UNKNOWN,22571,6030,
0.3,0.7,0.0,1e-12,7200,2880,27602,NOT_CERTIFIED_BY_THIS_BOUND,UNKNOWN,25954,7275,
0.3,0.7,0.5,1e-06,7200,2880,27602,NOT_CERTIFIED_BY_THIS_BOUND,UNKNOWN,19181,4785,
0.3,0.7,0.5,1e-09,7200,2880,27602,NOT_CERTIFIED_BY_THIS_BOUND,UNKNOWN,22571,6030,
0.3,0.7,0.5,1e-12,7200,2880,27602,NOT_CERTIFIED_BY_THIS_BOUND,UNKNOWN,25954,7275,
0.3,0.7,1.0,1e-06,7200,2880,27603,NO_CERTIFICATE,UNKNOWN,,,DELAY_REDUCTION_LOOSE
0.3,0.7,1.0,1e-09,7200,2880,27603,NO_CERTIFICATE,UNKNOWN,,,DELAY_REDUCTION_LOOSE
0.3,0.7,1.0,1e-12,7200,2880,27603,NO_CERTIFICATE,UNKNOWN,,,DELAY_REDUCTION_LOOSE
0.3,0.7,2.0,1e-06,7200,2880,27604,NO_CERTIFICATE,UNKNOWN,,,DELAY_REDUCTION_LOOSE
0.3,0.7,2.0,1e-09,7200,2880,27604,NO_CERTIFICATE,UNKNOWN,,,DELAY_REDUCTION_LOOSE
0.3,0.7,2.0,1e-12,7200,2880,27604,NO_CERTIFICATE,UNKNOWN,,,DELAY_REDUCTION_LOOSE
0.3,0.4,0.0,1e-06,7200,2880,27602,NO_CERTIFICATE,UNKNOWN,,,NO_HONEST_DRIFT
0.3,0.4,0.0,1e-09,7200,2880,27602,NO_CERTIFICATE,UNKNOWN,,,NO_HONEST_DRIFT
0.3,0.4,0.0,1e-12,7200,2880,27602,NO_CERTIFICATE,UNKNOWN,,,NO_HONEST_DRIFT
0.3,0.4,0.5,1e-06,7200,2880,27602,NO_CERTIFICATE,UNKNOWN,,,NO_HONEST_DRIFT
0.3,0.4,0.5,1e-09,7200,2880,27602,NO_CERTIFICATE,UNKNOWN,,,NO_HONEST_DRIFT
0.3,0.4,0.5,1e-12,7200,2880,27602,NO_CERTIFICATE,UNKNOWN,,,NO_HONEST_DRIFT
0.3,0.4,1.0,1e-06,7200,2880,27603,NO_CERTIFICATE,UNKNOWN,,,NO_HONEST_DRIFT
0.3,0.4,1.0,1e-09,7200,2880,27603,NO_CERTIFICATE,UNKNOWN,,,NO_HONEST_DRIFT
0.3,0.4,1.0,1e-12,7200,2880,27603,NO_CERTIFICATE,UNKNOWN,,,NO_HONEST_DRIFT
0.3,0.4,2.0,1e-06,7200,2880,27604,NO_CERTIFICATE,UNKNOWN,,,NO_HONEST_DRIFT
0.3,0.4,2.0,1e-09,7200,2880,27604,NO_CERTIFICATE,UNKNOWN,,,NO_HONEST_DRIFT
0.3,0.4,2.0,1e-12,7200,2880,27604,NO_CERTIFICATE,UNKNOWN,,,NO_HONEST_DRIFT
0.3,0.2,0.0,1e-06,7200,2880,27602,NO_CERTIFICATE,UNKNOWN,,,NO_HONEST_DRIFT
0.3,0.2,0.0,1e-09,7200,2880,27602,NO_CERTIFICATE,UNKNOWN,,,NO_HONEST_DRIFT
0.3,0.2,0.0,1e-12,7200,2880,27602,NO_CERTIFICATE,UNKNOWN,,,NO_HONEST_DRIFT
0.3,0.2,0.5,1e-06,7200,2880,27602,NO_CERTIFICATE,UNKNOWN,,,NO_HONEST_DRIFT
0.3,0.2,0.5,1e-09,7200,2880,27602,NO_CERTIFICATE,UNKNOWN,,,NO_HONEST_DRIFT
0.3,0.2,0.5,1e-12,7200,2880,27602,NO_CERTIFICATE,UNKNOWN,,,NO_HONEST_DRIFT
0.3,0.2,1.0,1e-06,7200,2880,27603,NO_CERTIFICATE,UNKNOWN,,,NO_HONEST_DRIFT
0.3,0.2,1.0,1e-09,7200,2880,27603,NO_CERTIFICATE,UNKNOWN,,,NO_HONEST_DRIFT
0.3,0.2,1.0,1e-12,7200,2880,27603,NO_CERTIFICATE,UNKNOWN,,,NO_HONEST_DRIFT
0.3,0.2,2.0,1e-06,7200,2880,27604,NO_CERTIFICATE,UNKNOWN,,,NO_HONEST_DRIFT
0.3,0.2,2.0,1e-09,7200,2880,27604,NO_CERTIFICATE,UNKNOWN,,,NO_HONEST_DRIFT
0.3,0.2,2.0,1e-12,7200,2880,27604,NO_CERTIFICATE,UNKNOWN,,,NO_HONEST_DRIFT
