beta,p_late,eps,d_cond,d_min,theta_max,margin_h_minus_a
0.1,0.0,1e-06,0.1111,0.1412,0.787,0.0271
0.1,1e-06,1e-06,0.1111,0.1412,0.787,0.0271
0.1,0.0001,1e-06,0.1111,0.1412,0.787,0.0271
0.1,0.001,1e-06,0.1113,0.1415,0.7871,0.0271
0.1,0.01,1e-06,0.1134,0.1443,0.7881,0.0272
0.15,0.0,1e-06,0.1765,0.2155,0.819,0.0332
0.15,1e-06,1e-06,0.1765,0.2155,0.819,0.0332
0.15,0.0001,1e-06,0.1765,0.2155,0.819,0.0332
0.15,0.001,1e-06,0.1768,0.2159,0.8191,0.0332
0.15,0.01,1e-06,0.1801,0.2201,0.8199,0.0334
0.2,0.0,1e-06,0.25,0.2979,0.8391,0.0384
0.2,1e-06,1e-06,0.25,0.2979,0.8391,0.0384
0.2,0.0001,1e-06,0.2501,0.298,0.8391,0.0384
0.2,0.001,1e-06,0.2505,0.2986,0.8392,0.0384
0.2,0.01,1e-06,0.2551,0.3043,0.8399,0.0386
0.25,0.0,1e-06,0.3333,0.3907,0.8531,0.043
0.25,1e-06,1e-06,0.3333,0.3907,0.8531,0.043
0.25,0.0001,1e-06,0.3334,0.3908,0.8531,0.043
0.25,0.001,1e-06,0.334,0.3915,0.8532,0.0431
0.25,0.01,1e-06,0.3401,0.399,0.8539,0.0433
0.3,0.0,1e-06,0.4286,0.496,0.864,0.0472
0.3,1e-06,1e-06,0.4286,0.496,0.864,0.0472
0.3,0.0001,1e-06,0.4287,0.4961,0.864,0.0472
0.3,0.001,1e-06,0.4294,0.4971,0.8641,0.0473
0.3,0.01,1e-06,0.4373,0.5066,0.8646,0.0475
0.1,0.0,1e-09,0.1111,0.1482,0.7499,0.0333
0.1,1e-06,1e-09,0.1111,0.1482,0.7499,0.0333
0.1,0.0001,1e-09,0.1111,0.1482,0.7499,0.0334
0.1,0.001,1e-09,0.1113,0.1485,0.75,0.0334
0.1,0.01,1e-09,0.1134,0.1514,0.7512,0.0336
0.15,0.0,1e-09,0.1765,0.2245,0.7862,0.0408
0.15,1e-06,1e-09,0.1765,0.2245,0.7862,0.0408
0.15,0.0001,1e-09,0.1765,0.2245,0.7862,0.0408
0.15,0.001,1e-09,0.1768,0.2249,0.7863,0.0408
0.15,0.01,1e-09,0.1801,0.2294,0.7872,0.0411
0.2,0.0,1e-09,0.25,0.3089,0.8093,0.0471
0.2,1e-06,1e-09,0.25,0.3089,0.8093,0.0471
0.2,0.0001,1e-09,0.2501,0.309,0.8093,0.0471
0.2,0.001,1e-09,0.2505,0.3096,0.8093,0.0472
0.2,0.01,1e-09,0.2551,0.3156,0.8102,0.0474
0.25,0.0,1e-09,0.3333,0.4037,0.8258,0.0528
0.25,1e-06,1e-09,0.3333,0.4037,0.8258,0.0528
0.25,0.0001,1e-09,0.3334,0.4038,0.8258,0.0528
0.25,0.001,1e-09,0.334,0.4045,0.8258,0.0528
0.25,0.01,1e-09,0.3401,0.4124,0.8266,0.0531
0.3,0.0,1e-09,0.4286,0.5111,0.8385,0.0578
0.3,1e-06,1e-09,0.4286,0.5111,0.8385,0.0578
0.3,0.0001,1e-09,0.4287,0.5112,0.8385,0.0578
0.3,0.001,1e-09,0.4294,0.5122,0.8386,0.0578
0.3,0.01,1e-09,0.4373,0.5221,0.8393,0.0581
0.1,0.0,1e-12,0.1111,0.1541,0.7211,0.0387
0.1,1e-06,1e-12,0.1111,0.1541,0.7211,0.0387
0.1,0.0001,1e-12,0.1111,0.1541,0.7211,0.0387
0.1,0.001,1e-12,0.1113,0.1544,0.7212,0.0387
0.1,0.01,1e-12,0.1134,0.1575,0.7225,0.039
0.15,0.0,1e-12,0.1765,0.232,0.7606,0.0472
0.15,1e-06,1e-12,0.1765,0.232,0.7606,0.0472
0.15,0.0001,1e-12,0.1765,0.2321,0.7606,0.0472
0.15,0.001,1e-12,0.1768,0.2325,0.7607,0.0473
0.15,0.01,1e-12,0.1801,0.2372,0.7617,0.0475
0.2,0.0,1e-12,0.25,0.3182,0.7858,0.0545
0.2,1e-06,1e-12,0.25,0.3182,0.7858,0.0545
0.2,0.0001,1e-12,0.2501,0.3182,0.7858,0.0545
0.2,0.001,1e-12,0.2505,0.3188,0.7859,0.0546
0.2,0.01,1e-12,0.2551,0.3251,0.7868,0.0549
0.25,0.0,1e-12,0.3333,0.4146,0.8039,0.061
0.25,1e-06,1e-12,0.3333,0.4146,0.8039,0.061
0.25,0.0001,1e-12,0.3334,0.4147,0.804,0.061
0.25,0.001,1e-12,0.334,0.4155,0.804,0.061
0.25,0.01,1e-12,0.3401,0.4236,0.8049,0.0614
0.3,0.0,1e-12,0.4286,0.524,0.8179,0.0668
0.3,1e-06,1e-12,0.4286,0.524,0.8179,0.0668
0.3,0.0001,1e-12,0.4287,0.5241,0.8179,0.0668
0.3,0.001,1e-12,0.4294,0.5251,0.818,0.0668
0.3,0.01,1e-12,0.4373,0.5353,0.8189,0.0672
