beta,d,p_late,a,h,cond_margin,eps,K_slots,K_blocks,extrap,K_priv_tie,K_priv_strict,K_priv_blocks,status
0.1,0.2,0.0,0.1,0.18,0.08,1e-06,1625,451,False,1063,1040,293,domaine
0.1,0.2,0.0,0.1,0.18,0.08,1e-09,2476,686,False,1635,1611,451,domaine
0.1,0.2,0.0,0.1,0.18,0.08,1e-12,3328,922,False,2212,2188,610,domaine
0.1,0.2,1e-06,0.1,0.18,0.08,1e-06,1625,451,False,1063,1040,293,domaine
0.1,0.2,1e-06,0.1,0.18,0.08,1e-09,2476,686,False,1635,1611,451,domaine
0.1,0.2,1e-06,0.1,0.18,0.08,1e-12,3328,922,False,2212,2188,610,domaine
0.1,0.2,0.0001,0.100018,0.179982,0.079964,1e-06,1627,451,False,1064,1041,294,domaine
0.1,0.2,0.0001,0.100018,0.179982,0.079964,1e-09,2479,687,False,1637,1613,451,domaine
0.1,0.2,0.0001,0.100018,0.179982,0.079964,1e-12,3331,923,False,2214,2190,611,domaine
0.1,0.2,0.001,0.10018,0.17982,0.07964,1e-06,1641,455,False,1073,1050,296,domaine
0.1,0.2,0.001,0.10018,0.17982,0.07964,1e-09,2501,693,False,1651,1626,455,domaine
0.1,0.2,0.001,0.10018,0.17982,0.07964,1e-12,3361,932,False,2232,2208,616,domaine
0.1,0.2,0.01,0.1018,0.1782,0.0764,1e-06,1797,499,False,1169,1145,323,domaine
0.1,0.2,0.01,0.1018,0.1782,0.0764,1e-09,2738,760,False,1798,1773,497,domaine
0.1,0.2,0.01,0.1018,0.1782,0.0764,1e-12,3679,1021,False,2431,2406,671,domaine
0.1,0.3,0.0,0.1,0.27,0.17,1e-06,423,153,False,294,283,105,domaine
0.1,0.3,0.0,0.1,0.27,0.17,1e-09,647,233,False,453,442,162,domaine
0.1,0.3,0.0,0.1,0.27,0.17,1e-12,872,314,False,613,602,219,domaine
0.1,0.3,1e-06,0.1,0.27,0.169999,1e-06,423,153,False,294,283,105,domaine
0.1,0.3,1e-06,0.1,0.27,0.169999,1e-09,647,233,False,453,442,162,domaine
0.1,0.3,1e-06,0.1,0.27,0.169999,1e-12,872,314,False,613,602,219,domaine
0.1,0.3,0.0001,0.100027,0.269973,0.169946,1e-06,423,153,False,295,283,105,domaine
0.1,0.3,0.0001,0.100027,0.269973,0.169946,1e-09,648,234,False,454,442,162,domaine
0.1,0.3,0.0001,0.100027,0.269973,0.169946,1e-12,872,314,False,614,602,219,domaine
0.1,0.3,0.001,0.10027,0.26973,0.16946,1e-06,426,154,False,296,285,106,domaine
0.1,0.3,0.001,0.10027,0.26973,0.16946,1e-09,652,235,False,456,445,163,domaine
0.1,0.3,0.001,0.10027,0.26973,0.16946,1e-12,878,317,False,618,606,220,domaine
0.1,0.3,0.01,0.1027,0.2673,0.1646,1e-06,455,165,False,316,304,113,domaine
0.1,0.3,0.01,0.1027,0.2673,0.1646,1e-09,697,252,False,486,474,174,domaine
0.1,0.3,0.01,0.1027,0.2673,0.1646,1e-12,939,339,False,658,646,235,domaine
0.1,0.4,0.0,0.1,0.36,0.26,1e-06,206,92,False,148,141,65,domaine
0.1,0.4,0.0,0.1,0.36,0.26,1e-09,317,140,False,228,220,99,domaine
0.1,0.4,0.0,0.1,0.36,0.26,1e-12,427,189,False,308,301,135,domaine
0.1,0.4,1e-06,0.1,0.36,0.259999,1e-06,206,92,False,148,141,65,domaine
0.1,0.4,1e-06,0.1,0.36,0.259999,1e-09,317,140,False,228,220,99,domaine
0.1,0.4,1e-06,0.1,0.36,0.259999,1e-12,427,189,False,308,301,135,domaine
0.1,0.4,0.0001,0.100036,0.359964,0.259928,1e-06,207,92,False,148,141,65,domaine
0.1,0.4,0.0001,0.100036,0.359964,0.259928,1e-09,317,141,False,228,221,99,domaine
0.1,0.4,0.0001,0.100036,0.359964,0.259928,1e-12,428,190,False,309,301,135,domaine
0.1,0.4,0.001,0.10036,0.35964,0.25928,1e-06,208,92,False,149,142,65,domaine
0.1,0.4,0.001,0.10036,0.35964,0.25928,1e-09,319,141,False,229,222,100,domaine
0.1,0.4,0.001,0.10036,0.35964,0.25928,1e-12,430,191,False,310,303,135,domaine
0.1,0.4,0.01,0.1036,0.3564,0.2528,1e-06,221,98,False,158,150,69,domaine
0.1,0.4,0.01,0.1036,0.3564,0.2528,1e-09,339,151,False,243,235,107,domaine
0.1,0.4,0.01,0.1036,0.3564,0.2528,1e-12,458,203,False,329,321,144,domaine
0.1,0.5,0.0,0.1,0.45,0.35,1e-06,127,67,False,92,87,48,domaine
0.1,0.5,0.0,0.1,0.45,0.35,1e-09,195,103,False,142,137,74,domaine
0.1,0.5,0.0,0.1,0.45,0.35,1e-12,263,139,False,193,187,100,domaine
0.1,0.5,1e-06,0.1,0.45,0.349999,1e-06,127,67,False,92,87,48,domaine
0.1,0.5,1e-06,0.1,0.45,0.349999,1e-09,195,103,False,142,137,74,domaine
0.1,0.5,1e-06,0.1,0.45,0.349999,1e-12,263,139,False,193,187,100,domaine
0.1,0.5,0.0001,0.100045,0.449955,0.34991,1e-06,127,67,False,92,87,48,domaine
0.1,0.5,0.0001,0.100045,0.449955,0.34991,1e-09,195,103,False,142,137,74,domaine
0.1,0.5,0.0001,0.100045,0.449955,0.34991,1e-12,263,139,False,193,187,100,domaine
0.1,0.5,0.001,0.10045,0.44955,0.3491,1e-06,128,67,False,93,88,48,domaine
0.1,0.5,0.001,0.10045,0.44955,0.3491,1e-09,196,104,False,143,138,74,domaine
0.1,0.5,0.001,0.10045,0.44955,0.3491,1e-12,265,140,False,194,188,101,domaine
0.1,0.5,0.01,0.1045,0.4455,0.341,1e-06,136,72,False,98,93,51,domaine
0.1,0.5,0.01,0.1045,0.4455,0.341,1e-09,209,110,False,152,146,79,domaine
0.1,0.5,0.01,0.1045,0.4455,0.341,1e-12,282,149,False,205,200,107,domaine
0.1,0.7,0.0,0.1,0.63,0.53,1e-06,65,46,False,48,45,33,domaine
0.1,0.7,0.0,0.1,0.63,0.53,1e-09,100,70,False,74,71,51,domaine
0.1,0.7,0.0,0.1,0.63,0.53,1e-12,135,95,False,100,97,69,domaine
0.1,0.7,1e-06,0.100001,0.629999,0.529999,1e-06,65,46,False,48,45,33,domaine
0.1,0.7,1e-06,0.100001,0.629999,0.529999,1e-09,100,70,False,74,71,51,domaine
0.1,0.7,1e-06,0.100001,0.629999,0.529999,1e-12,135,95,False,100,97,69,domaine
0.1,0.7,0.0001,0.100063,0.629937,0.529874,1e-06,65,46,False,48,45,33,domaine
0.1,0.7,0.0001,0.100063,0.629937,0.529874,1e-09,100,70,False,74,71,51,domaine
0.1,0.7,0.0001,0.100063,0.629937,0.529874,1e-12,135,95,False,100,97,69,domaine
0.1,0.7,0.001,0.10063,0.62937,0.52874,1e-06,66,46,False,48,45,33,domaine
0.1,0.7,0.001,0.10063,0.62937,0.52874,1e-09,101,71,False,74,71,51,domaine
0.1,0.7,0.001,0.10063,0.62937,0.52874,1e-12,136,96,False,101,97,70,domaine
0.1,0.7,0.01,0.1063,0.6237,0.5174,1e-06,70,49,False,51,48,35,domaine
0.1,0.7,0.01,0.1063,0.6237,0.5174,1e-09,107,76,False,79,76,55,domaine
0.1,0.7,0.01,0.1063,0.6237,0.5174,1e-12,145,102,False,107,103,75,domaine
0.1,1.0,0.0,0.1,0.9,0.8,1e-06,33,33,False,25,22,25,domaine
0.1,1.0,0.0,0.1,0.9,0.8,1e-09,51,51,False,37,36,37,domaine
0.1,1.0,0.0,0.1,0.9,0.8,1e-12,69,69,False,51,48,51,domaine
0.1,1.0,1e-06,0.100001,0.899999,0.799998,1e-06,33,33,False,25,22,25,domaine
0.1,1.0,1e-06,0.100001,0.899999,0.799998,1e-09,51,51,False,37,36,37,domaine
0.1,1.0,1e-06,0.100001,0.899999,0.799998,1e-12,69,69,False,51,48,51,domaine
0.1,1.0,0.0001,0.10009,0.89991,0.79982,1e-06,33,33,False,25,22,25,domaine
0.1,1.0,0.0001,0.10009,0.89991,0.79982,1e-09,51,51,False,37,36,37,domaine
0.1,1.0,0.0001,0.10009,0.89991,0.79982,1e-12,69,69,False,51,48,51,domaine
0.1,1.0,0.001,0.1009,0.8991,0.7982,1e-06,34,34,False,25,22,25,domaine
0.1,1.0,0.001,0.1009,0.8991,0.7982,1e-09,52,52,False,38,36,38,domaine
0.1,1.0,0.001,0.1009,0.8991,0.7982,1e-12,70,70,False,51,49,51,domaine
0.1,1.0,0.01,0.109,0.891,0.782,1e-06,36,36,False,27,24,27,domaine
0.1,1.0,0.01,0.109,0.891,0.782,1e-09,55,55,False,41,38,41,domaine
0.1,1.0,0.01,0.109,0.891,0.782,1e-12,75,75,False,55,52,55,domaine
0.15,0.2,0.0,0.15,0.17,0.02,1e-06,,,False,20088,19994,6424,HORS DOMAINE : attaque privée stricte > 13200 dès 1e-6
0.15,0.2,0.0,0.15,0.17,0.02,1e-09,,,False,30815,30720,9856,HORS DOMAINE : attaque privée stricte > 13200 dès 1e-6
0.15,0.2,0.0,0.15,0.17,0.02,1e-12,,,False,41529,41433,13315,HORS DOMAINE : attaque privée stricte > 13200 dès 1e-6
0.15,0.2,1e-06,0.15,0.17,0.02,1e-06,,,False,20088,19995,6424,HORS DOMAINE : attaque privée stricte > 13200 dès 1e-6
0.15,0.2,1e-06,0.15,0.17,0.02,1e-09,,,False,30816,30721,9856,HORS DOMAINE : attaque privée stricte > 13200 dès 1e-6
0.15,0.2,1e-06,0.15,0.17,0.02,1e-12,,,False,41530,41434,13315,HORS DOMAINE : attaque privée stricte > 13200 dès 1e-6
0.15,0.2,0.0001,0.150017,0.169983,0.019966,1e-06,,,False,20156,20063,6446,HORS DOMAINE : attaque privée stricte > 13200 dès 1e-6
0.15,0.2,0.0001,0.150017,0.169983,0.019966,1e-09,,,False,30919,30824,9890,HORS DOMAINE : attaque privée stricte > 13200 dès 1e-6
0.15,0.2,0.0001,0.150017,0.169983,0.019966,1e-12,,,False,41669,41573,13360,HORS DOMAINE : attaque privée stricte > 13200 dès 1e-6
0.15,0.2,0.001,0.15017,0.16983,0.01966,1e-06,,,False,20790,20695,6649,HORS DOMAINE : attaque privée stricte > 13200 dès 1e-6
0.15,0.2,0.001,0.15017,0.16983,0.01966,1e-09,,,False,31884,31788,10201,HORS DOMAINE : attaque privée stricte > 13200 dès 1e-6
0.15,0.2,0.001,0.15017,0.16983,0.01966,1e-12,,,False,42963,42865,13780,HORS DOMAINE : attaque privée stricte > 13200 dès 1e-6
0.15,0.2,0.01,0.1517,0.1683,0.0166,1e-06,,,False,29181,29069,9334,HORS DOMAINE : attaque privée stricte > 13200 dès 1e-6
0.15,0.2,0.01,0.1517,0.1683,0.0166,1e-09,,,False,44571,44457,14319,HORS DOMAINE : attaque privée stricte > 13200 dès 1e-6
0.15,0.2,0.01,0.1517,0.1683,0.0166,1e-12,,,False,59955,59838,19343,HORS DOMAINE : attaque privée stricte > 13200 dès 1e-6
0.15,0.3,0.0,0.15,0.255,0.105,1e-06,1387,558,False,896,878,359,domaine
0.15,0.3,0.0,0.15,0.255,0.105,1e-09,2112,850,False,1378,1359,552,domaine
0.15,0.3,0.0,0.15,0.255,0.105,1e-12,2838,1141,False,1863,1844,747,domaine
0.15,0.3,1e-06,0.15,0.255,0.104999,1e-06,1387,558,False,896,878,359,domaine
0.15,0.3,1e-06,0.15,0.255,0.104999,1e-09,2112,850,False,1378,1359,552,domaine
0.15,0.3,1e-06,0.15,0.255,0.104999,1e-12,2838,1142,False,1863,1845,747,domaine
0.15,0.3,0.0001,0.150026,0.254974,0.104949,1e-06,1389,559,False,897,879,360,domaine
0.15,0.3,0.0001,0.150026,0.254974,0.104949,1e-09,2115,851,False,1379,1361,553,domaine
0.15,0.3,0.0001,0.150026,0.254974,0.104949,1e-12,2840,1143,False,1865,1846,748,domaine
0.15,0.3,0.001,0.150255,0.254745,0.10449,1e-06,1402,564,False,905,887,363,domaine
0.15,0.3,0.001,0.150255,0.254745,0.10449,1e-09,2135,859,False,1391,1373,558,domaine
0.15,0.3,0.001,0.150255,0.254745,0.10449,1e-12,2868,1154,False,1882,1863,754,domaine
0.15,0.3,0.01,0.15255,0.25245,0.0999,1e-06,1546,623,False,993,974,398,domaine
0.15,0.3,0.01,0.15255,0.25245,0.0999,1e-09,2354,947,False,1526,1507,612,domaine
0.15,0.3,0.01,0.15255,0.25245,0.0999,1e-12,3161,1272,False,2063,2044,828,domaine
0.15,0.4,0.0,0.15,0.34,0.19,1e-06,469,227,False,319,309,153,domaine
0.15,0.4,0.0,0.15,0.34,0.19,1e-09,717,346,False,490,480,235,domaine
0.15,0.4,0.0,0.15,0.34,0.19,1e-12,964,466,False,664,653,319,domaine
0.15,0.4,1e-06,0.15,0.34,0.189999,1e-06,469,227,False,319,309,153,domaine
0.15,0.4,1e-06,0.15,0.34,0.189999,1e-09,717,346,False,490,480,235,domaine
0.15,0.4,1e-06,0.15,0.34,0.189999,1e-12,964,466,False,664,653,319,domaine
0.15,0.4,0.0001,0.150034,0.339966,0.189932,1e-06,469,227,False,319,309,153,domaine
0.15,0.4,0.0001,0.150034,0.339966,0.189932,1e-09,717,346,False,491,481,236,domaine
0.15,0.4,0.0001,0.150034,0.339966,0.189932,1e-12,965,466,False,664,654,319,domaine
0.15,0.4,0.001,0.15034,0.33966,0.18932,1e-06,473,229,False,321,311,154,domaine
0.15,0.4,0.001,0.15034,0.33966,0.18932,1e-09,722,349,False,494,484,237,domaine
0.15,0.4,0.001,0.15034,0.33966,0.18932,1e-12,972,470,False,669,658,321,domaine
0.15,0.4,0.01,0.1534,0.3366,0.1832,1e-06,509,246,False,344,334,166,domaine
0.15,0.4,0.01,0.1534,0.3366,0.1832,1e-09,778,376,False,530,520,255,domaine
0.15,0.4,0.01,0.1534,0.3366,0.1832,1e-12,1046,506,False,717,706,345,domaine
0.15,0.5,0.0,0.15,0.425,0.275,1e-06,245,139,False,171,165,96,domaine
0.15,0.5,0.0,0.15,0.425,0.275,1e-09,376,212,False,264,257,147,domaine
0.15,0.5,0.0,0.15,0.425,0.275,1e-12,506,286,False,357,350,200,domaine
0.15,0.5,1e-06,0.15,0.425,0.274999,1e-06,245,139,False,171,165,96,domaine
0.15,0.5,1e-06,0.15,0.425,0.274999,1e-09,376,212,False,264,257,147,domaine
0.15,0.5,1e-06,0.15,0.425,0.274999,1e-12,506,286,False,357,350,200,domaine
0.15,0.5,0.0001,0.150042,0.424957,0.274915,1e-06,246,139,False,171,165,96,domaine
0.15,0.5,0.0001,0.150042,0.424957,0.274915,1e-09,376,212,False,264,257,148,domaine
0.15,0.5,0.0001,0.150042,0.424957,0.274915,1e-12,507,286,False,357,350,200,domaine
0.15,0.5,0.001,0.150425,0.424575,0.27415,1e-06,247,140,False,173,166,97,domaine
0.15,0.5,0.001,0.150425,0.424575,0.27415,1e-09,379,214,False,266,259,149,domaine
0.15,0.5,0.001,0.150425,0.424575,0.27415,1e-12,510,288,False,359,352,201,domaine
0.15,0.5,0.01,0.15425,0.42075,0.2665,1e-06,264,149,False,184,177,103,domaine
0.15,0.5,0.01,0.15425,0.42075,0.2665,1e-09,405,229,False,283,276,159,domaine
0.15,0.5,0.01,0.15425,0.42075,0.2665,1e-12,545,308,False,383,376,215,domaine
0.15,0.7,0.0,0.15,0.595,0.445,1e-06,109,79,False,78,74,57,domaine
0.15,0.7,0.0,0.15,0.595,0.445,1e-09,167,122,False,120,116,87,domaine
0.15,0.7,0.0,0.15,0.595,0.445,1e-12,225,164,False,162,158,117,domaine
0.15,0.7,1e-06,0.150001,0.594999,0.444999,1e-06,109,79,False,78,74,57,domaine
0.15,0.7,1e-06,0.150001,0.594999,0.444999,1e-09,167,122,False,120,116,87,domaine
0.15,0.7,1e-06,0.150001,0.594999,0.444999,1e-12,225,164,False,162,158,117,domaine
0.15,0.7,0.0001,0.150059,0.59494,0.444881,1e-06,109,79,False,78,74,57,domaine
0.15,0.7,0.0001,0.150059,0.59494,0.444881,1e-09,167,122,False,120,116,87,domaine
0.15,0.7,0.0001,0.150059,0.59494,0.444881,1e-12,225,164,False,162,158,117,domaine
0.15,0.7,0.001,0.150595,0.594405,0.44381,1e-06,109,80,False,78,74,57,domaine
0.15,0.7,0.001,0.150595,0.594405,0.44381,1e-09,168,123,False,121,117,87,domaine
0.15,0.7,0.001,0.150595,0.594405,0.44381,1e-12,227,165,False,163,159,118,domaine
0.15,0.7,0.01,0.15595,0.58905,0.4331,1e-06,117,85,False,83,79,61,domaine
0.15,0.7,0.01,0.15595,0.58905,0.4331,1e-09,179,131,False,128,124,93,domaine
0.15,0.7,0.01,0.15595,0.58905,0.4331,1e-12,241,176,False,173,169,126,domaine
0.15,1.0,0.0,0.15,0.85,0.7,1e-06,51,51,False,37,34,37,domaine
0.15,1.0,0.0,0.15,0.85,0.7,1e-09,79,79,False,57,54,57,domaine
0.15,1.0,0.0,0.15,0.85,0.7,1e-12,106,106,False,77,74,77,domaine
0.15,1.0,1e-06,0.150001,0.849999,0.699998,1e-06,51,51,False,37,34,37,domaine
0.15,1.0,1e-06,0.150001,0.849999,0.699998,1e-09,79,79,False,57,54,57,domaine
0.15,1.0,1e-06,0.150001,0.849999,0.699998,1e-12,106,106,False,77,74,77,domaine
0.15,1.0,0.0001,0.150085,0.849915,0.69983,1e-06,51,51,False,37,34,37,domaine
0.15,1.0,0.0001,0.150085,0.849915,0.69983,1e-09,79,79,False,57,54,57,domaine
0.15,1.0,0.0001,0.150085,0.849915,0.69983,1e-12,106,106,False,77,74,77,domaine
0.15,1.0,0.001,0.15085,0.84915,0.6983,1e-06,51,51,False,37,35,37,domaine
0.15,1.0,0.001,0.15085,0.84915,0.6983,1e-09,79,79,False,57,55,57,domaine
0.15,1.0,0.001,0.15085,0.84915,0.6983,1e-12,107,107,False,77,75,77,domaine
0.15,1.0,0.01,0.1585,0.8415,0.683,1e-06,55,55,False,39,37,39,domaine
0.15,1.0,0.01,0.1585,0.8415,0.683,1e-09,84,84,False,61,58,61,domaine
0.15,1.0,0.01,0.1585,0.8415,0.683,1e-12,114,114,False,83,80,83,domaine
0.2,0.2,0.0,0.2,0.16,-0.04,1e-06,,,False,,,,HORS DOMAINE : (1-b)d(1-2p) <= b
0.2,0.2,0.0,0.2,0.16,-0.04,1e-09,,,False,,,,HORS DOMAINE : (1-b)d(1-2p) <= b
0.2,0.2,0.0,0.2,0.16,-0.04,1e-12,,,False,,,,HORS DOMAINE : (1-b)d(1-2p) <= b
0.2,0.2,1e-06,0.2,0.16,-0.04,1e-06,,,False,,,,HORS DOMAINE : (1-b)d(1-2p) <= b
0.2,0.2,1e-06,0.2,0.16,-0.04,1e-09,,,False,,,,HORS DOMAINE : (1-b)d(1-2p) <= b
0.2,0.2,1e-06,0.2,0.16,-0.04,1e-12,,,False,,,,HORS DOMAINE : (1-b)d(1-2p) <= b
0.2,0.2,0.0001,0.200016,0.159984,-0.040032,1e-06,,,False,,,,HORS DOMAINE : (1-b)d(1-2p) <= b
0.2,0.2,0.0001,0.200016,0.159984,-0.040032,1e-09,,,False,,,,HORS DOMAINE : (1-b)d(1-2p) <= b
0.2,0.2,0.0001,0.200016,0.159984,-0.040032,1e-12,,,False,,,,HORS DOMAINE : (1-b)d(1-2p) <= b
0.2,0.2,0.001,0.20016,0.15984,-0.04032,1e-06,,,False,,,,HORS DOMAINE : (1-b)d(1-2p) <= b
0.2,0.2,0.001,0.20016,0.15984,-0.04032,1e-09,,,False,,,,HORS DOMAINE : (1-b)d(1-2p) <= b
0.2,0.2,0.001,0.20016,0.15984,-0.04032,1e-12,,,False,,,,HORS DOMAINE : (1-b)d(1-2p) <= b
0.2,0.2,0.01,0.2016,0.1584,-0.0432,1e-06,,,False,,,,HORS DOMAINE : (1-b)d(1-2p) <= b
0.2,0.2,0.01,0.2016,0.1584,-0.0432,1e-09,,,False,,,,HORS DOMAINE : (1-b)d(1-2p) <= b
0.2,0.2,0.01,0.2016,0.1584,-0.0432,1e-12,,,False,,,,HORS DOMAINE : (1-b)d(1-2p) <= b
0.2,0.3,0.0,0.2,0.24,0.04,1e-06,12122,5330,False,6887,6840,3027,domaine
0.2,0.3,0.0,0.2,0.24,0.04,1e-09,18347,8067,False,10570,10522,4645,HORS DOMAINE : K > 13200
0.2,0.3,0.0,0.2,0.24,0.04,1e-12,24573,10805,False,14281,14233,6277,HORS DOMAINE : K > 13200
0.2,0.3,1e-06,0.2,0.24,0.04,1e-06,12122,5330,False,6887,6840,3027,domaine
0.2,0.3,1e-06,0.2,0.24,0.04,1e-09,18347,8067,False,10570,10522,4645,HORS DOMAINE : K > 13200
0.2,0.3,1e-06,0.2,0.24,0.04,1e-12,24582,10809,False,14282,14233,6277,HORS DOMAINE : K > 13200
0.2,0.3,0.0001,0.200024,0.239976,0.039952,1e-06,12153,5344,False,6903,6857,3034,domaine
0.2,0.3,0.0001,0.200024,0.239976,0.039952,1e-09,18394,8088,False,10595,10547,4657,HORS DOMAINE : K > 13200
0.2,0.3,0.0001,0.200024,0.239976,0.039952,1e-12,24637,10833,False,14316,14267,6292,HORS DOMAINE : K > 13200
0.2,0.3,0.001,0.20024,0.23976,0.03952,1e-06,12437,5469,False,7056,7009,3101,domaine
0.2,0.3,0.001,0.20024,0.23976,0.03952,1e-09,18824,8277,False,10829,10781,4759,HORS DOMAINE : K > 13200
0.2,0.3,0.001,0.20024,0.23976,0.03952,1e-12,25210,11085,False,14632,14583,6431,HORS DOMAINE : K > 13200
0.2,0.3,0.01,0.2024,0.2376,0.0352,1e-06,15911,6997,False,8902,8849,3914,HORS DOMAINE : K > 13200
0.2,0.3,0.01,0.2024,0.2376,0.0352,1e-09,24070,10585,False,13661,13607,6006,HORS DOMAINE : K > 13200
0.2,0.3,0.01,0.2024,0.2376,0.0352,1e-12,32228,14174,True,18458,18403,8114,HORS DOMAINE : K > 13200
0.2,0.4,0.0,0.2,0.32,0.12,1e-06,1391,720,False,885,869,457,domaine
0.2,0.4,0.0,0.2,0.32,0.12,1e-09,2115,1095,False,1360,1344,703,domaine
0.2,0.4,0.0,0.2,0.32,0.12,1e-12,2840,1471,False,1839,1823,950,domaine
0.2,0.4,1e-06,0.2,0.32,0.119999,1e-06,1391,720,False,885,869,457,domaine
0.2,0.4,1e-06,0.2,0.32,0.119999,1e-09,2115,1095,False,1360,1344,703,domaine
0.2,0.4,1e-06,0.2,0.32,0.119999,1e-12,2840,1471,False,1839,1823,950,domaine
0.2,0.4,0.0001,0.200032,0.319968,0.119936,1e-06,1392,721,False,886,870,458,domaine
0.2,0.4,0.0001,0.200032,0.319968,0.119936,1e-09,2118,1097,False,1361,1345,703,domaine
0.2,0.4,0.0001,0.200032,0.319968,0.119936,1e-12,2844,1472,False,1841,1825,951,domaine
0.2,0.4,0.001,0.20032,0.31968,0.11936,1e-06,1407,729,False,895,879,462,domaine
0.2,0.4,0.001,0.20032,0.31968,0.11936,1e-09,2140,1108,False,1375,1359,710,domaine
0.2,0.4,0.001,0.20032,0.31968,0.11936,1e-12,2874,1488,False,1859,1843,960,domaine
0.2,0.4,0.01,0.2032,0.3168,0.1136,1e-06,1566,811,False,990,973,512,domaine
0.2,0.4,0.01,0.2032,0.3168,0.1136,1e-09,2382,1234,False,1521,1504,786,domaine
0.2,0.4,0.01,0.2032,0.3168,0.1136,1e-12,3197,1656,False,2056,2039,1063,domaine
0.2,0.5,0.0,0.2,0.4,0.2,1e-06,537,320,False,357,348,212,domaine
0.2,0.5,0.0,0.2,0.4,0.2,1e-09,819,487,False,550,540,326,domaine
0.2,0.5,0.0,0.2,0.4,0.2,1e-12,1101,655,False,743,734,441,domaine
0.2,0.5,1e-06,0.2,0.4,0.199999,1e-06,537,320,False,357,348,212,domaine
0.2,0.5,1e-06,0.2,0.4,0.199999,1e-09,819,487,False,550,540,326,domaine
0.2,0.5,1e-06,0.2,0.4,0.199999,1e-12,1101,655,False,743,734,441,domaine
0.2,0.5,0.0001,0.20004,0.39996,0.19992,1e-06,537,320,False,358,348,212,domaine
0.2,0.5,0.0001,0.20004,0.39996,0.19992,1e-09,820,488,False,550,540,326,domaine
0.2,0.5,0.0001,0.20004,0.39996,0.19992,1e-12,1102,656,False,744,734,441,domaine
0.2,0.5,0.001,0.2004,0.3996,0.1992,1e-06,541,322,False,360,351,214,domaine
0.2,0.5,0.001,0.2004,0.3996,0.1992,1e-09,826,492,False,554,545,329,domaine
0.2,0.5,0.001,0.2004,0.3996,0.1992,1e-12,1111,661,False,750,740,445,domaine
0.2,0.5,0.01,0.204,0.396,0.192,1e-06,588,350,False,389,380,231,domaine
0.2,0.5,0.01,0.204,0.396,0.192,1e-09,896,534,False,599,589,355,domaine
0.2,0.5,0.01,0.204,0.396,0.192,1e-12,1205,718,False,810,800,481,domaine
0.2,0.7,0.0,0.2,0.56,0.36,1e-06,189,142,False,131,126,98,domaine
0.2,0.7,0.0,0.2,0.56,0.36,1e-09,289,217,False,202,196,151,domaine
0.2,0.7,0.0,0.2,0.56,0.36,1e-12,389,292,False,273,267,204,domaine
0.2,0.7,1e-06,0.200001,0.559999,0.359999,1e-06,189,142,False,131,126,98,domaine
0.2,0.7,1e-06,0.200001,0.559999,0.359999,1e-09,289,217,False,202,196,151,domaine
0.2,0.7,1e-06,0.200001,0.559999,0.359999,1e-12,389,292,False,273,267,204,domaine
0.2,0.7,0.0001,0.200056,0.559944,0.359888,1e-06,189,142,False,131,126,98,domaine
0.2,0.7,0.0001,0.200056,0.559944,0.359888,1e-09,289,217,False,202,196,151,domaine
0.2,0.7,0.0001,0.200056,0.559944,0.359888,1e-12,389,292,False,273,268,204,domaine
0.2,0.7,0.001,0.20056,0.55944,0.35888,1e-06,190,143,False,132,127,99,domaine
0.2,0.7,0.001,0.20056,0.55944,0.35888,1e-09,291,219,False,203,198,152,domaine
0.2,0.7,0.001,0.20056,0.55944,0.35888,1e-12,392,294,False,275,269,205,domaine
0.2,0.7,0.01,0.2056,0.5544,0.3488,1e-06,203,153,False,141,135,105,domaine
0.2,0.7,0.01,0.2056,0.5544,0.3488,1e-09,311,234,False,216,211,162,domaine
0.2,0.7,0.01,0.2056,0.5544,0.3488,1e-12,419,315,False,293,287,219,domaine
0.2,1.0,0.0,0.2,0.8,0.6,1e-06,78,78,False,56,53,56,domaine
0.2,1.0,0.0,0.2,0.8,0.6,1e-09,120,120,False,86,83,86,domaine
0.2,1.0,0.0,0.2,0.8,0.6,1e-12,162,162,False,116,113,116,domaine
0.2,1.0,1e-06,0.200001,0.799999,0.599998,1e-06,78,78,False,56,53,56,domaine
0.2,1.0,1e-06,0.200001,0.799999,0.599998,1e-09,120,120,False,86,83,86,domaine
0.2,1.0,1e-06,0.200001,0.799999,0.599998,1e-12,162,162,False,116,113,116,domaine
0.2,1.0,0.0001,0.20008,0.79992,0.59984,1e-06,79,79,False,56,53,56,domaine
0.2,1.0,0.0001,0.20008,0.79992,0.59984,1e-09,120,120,False,86,83,86,domaine
0.2,1.0,0.0001,0.20008,0.79992,0.59984,1e-12,162,162,False,116,113,116,domaine
0.2,1.0,0.001,0.2008,0.7992,0.5984,1e-06,79,79,False,56,53,56,domaine
0.2,1.0,0.001,0.2008,0.7992,0.5984,1e-09,121,121,False,87,84,87,domaine
0.2,1.0,0.001,0.2008,0.7992,0.5984,1e-12,163,163,False,117,114,117,domaine
0.2,1.0,0.01,0.208,0.792,0.584,1e-06,84,84,False,60,56,60,domaine
0.2,1.0,0.01,0.208,0.792,0.584,1e-09,129,129,False,92,89,92,domaine
0.2,1.0,0.01,0.208,0.792,0.584,1e-12,174,174,False,124,121,124,domaine
0.25,0.2,0.0,0.25,0.15,-0.1,1e-06,,,False,,,,HORS DOMAINE : (1-b)d(1-2p) <= b
0.25,0.2,0.0,0.25,0.15,-0.1,1e-09,,,False,,,,HORS DOMAINE : (1-b)d(1-2p) <= b
0.25,0.2,0.0,0.25,0.15,-0.1,1e-12,,,False,,,,HORS DOMAINE : (1-b)d(1-2p) <= b
0.25,0.2,1e-06,0.25,0.15,-0.1,1e-06,,,False,,,,HORS DOMAINE : (1-b)d(1-2p) <= b
0.25,0.2,1e-06,0.25,0.15,-0.1,1e-09,,,False,,,,HORS DOMAINE : (1-b)d(1-2p) <= b
0.25,0.2,1e-06,0.25,0.15,-0.1,1e-12,,,False,,,,HORS DOMAINE : (1-b)d(1-2p) <= b
0.25,0.2,0.0001,0.250015,0.149985,-0.10003,1e-06,,,False,,,,HORS DOMAINE : (1-b)d(1-2p) <= b
0.25,0.2,0.0001,0.250015,0.149985,-0.10003,1e-09,,,False,,,,HORS DOMAINE : (1-b)d(1-2p) <= b
0.25,0.2,0.0001,0.250015,0.149985,-0.10003,1e-12,,,False,,,,HORS DOMAINE : (1-b)d(1-2p) <= b
0.25,0.2,0.001,0.25015,0.14985,-0.1003,1e-06,,,False,,,,HORS DOMAINE : (1-b)d(1-2p) <= b
0.25,0.2,0.001,0.25015,0.14985,-0.1003,1e-09,,,False,,,,HORS DOMAINE : (1-b)d(1-2p) <= b
0.25,0.2,0.001,0.25015,0.14985,-0.1003,1e-12,,,False,,,,HORS DOMAINE : (1-b)d(1-2p) <= b
0.25,0.2,0.01,0.2515,0.1485,-0.103,1e-06,,,False,,,,HORS DOMAINE : (1-b)d(1-2p) <= b
0.25,0.2,0.01,0.2515,0.1485,-0.103,1e-09,,,False,,,,HORS DOMAINE : (1-b)d(1-2p) <= b
0.25,0.2,0.01,0.2515,0.1485,-0.103,1e-12,,,False,,,,HORS DOMAINE : (1-b)d(1-2p) <= b
0.25,0.3,0.0,0.25,0.225,-0.025,1e-06,,,False,,,,HORS DOMAINE : (1-b)d(1-2p) <= b
0.25,0.3,0.0,0.25,0.225,-0.025,1e-09,,,False,,,,HORS DOMAINE : (1-b)d(1-2p) <= b
0.25,0.3,0.0,0.25,0.225,-0.025,1e-12,,,False,,,,HORS DOMAINE : (1-b)d(1-2p) <= b
0.25,0.3,1e-06,0.25,0.225,-0.025,1e-06,,,False,,,,HORS DOMAINE : (1-b)d(1-2p) <= b
0.25,0.3,1e-06,0.25,0.225,-0.025,1e-09,,,False,,,,HORS DOMAINE : (1-b)d(1-2p) <= b
0.25,0.3,1e-06,0.25,0.225,-0.025,1e-12,,,False,,,,HORS DOMAINE : (1-b)d(1-2p) <= b
0.25,0.3,0.0001,0.250022,0.224977,-0.025045,1e-06,,,False,,,,HORS DOMAINE : (1-b)d(1-2p) <= b
0.25,0.3,0.0001,0.250022,0.224977,-0.025045,1e-09,,,False,,,,HORS DOMAINE : (1-b)d(1-2p) <= b
0.25,0.3,0.0001,0.250022,0.224977,-0.025045,1e-12,,,False,,,,HORS DOMAINE : (1-b)d(1-2p) <= b
0.25,0.3,0.001,0.250225,0.224775,-0.02545,1e-06,,,False,,,,HORS DOMAINE : (1-b)d(1-2p) <= b
0.25,0.3,0.001,0.250225,0.224775,-0.02545,1e-09,,,False,,,,HORS DOMAINE : (1-b)d(1-2p) <= b
0.25,0.3,0.001,0.250225,0.224775,-0.02545,1e-12,,,False,,,,HORS DOMAINE : (1-b)d(1-2p) <= b
0.25,0.3,0.01,0.25225,0.22275,-0.0295,1e-06,,,False,,,,HORS DOMAINE : (1-b)d(1-2p) <= b
0.25,0.3,0.01,0.25225,0.22275,-0.0295,1e-09,,,False,,,,HORS DOMAINE : (1-b)d(1-2p) <= b
0.25,0.3,0.01,0.25225,0.22275,-0.0295,1e-12,,,False,,,,HORS DOMAINE : (1-b)d(1-2p) <= b
0.25,0.4,0.0,0.25,0.3,0.05,1e-06,9696,5330,False,5508,5471,3027,domaine
0.25,0.4,0.0,0.25,0.3,0.05,1e-09,14676,8067,False,8454,8416,4645,HORS DOMAINE : K > 13200
0.25,0.4,0.0,0.25,0.3,0.05,1e-12,19662,10808,False,11422,11384,6277,HORS DOMAINE : K > 13200
0.25,0.4,1e-06,0.25,0.3,0.049999,1e-06,9696,5330,False,5508,5471,3027,domaine
0.25,0.4,1e-06,0.25,0.3,0.049999,1e-09,14676,8067,False,8454,8416,4645,HORS DOMAINE : K > 13200
0.25,0.4,1e-06,0.25,0.3,0.049999,1e-12,19656,10805,False,11423,11384,6277,HORS DOMAINE : K > 13200
0.25,0.4,0.0001,0.25003,0.29997,0.04994,1e-06,9721,5344,False,5522,5484,3034,domaine
0.25,0.4,0.0001,0.25003,0.29997,0.04994,1e-09,14713,8088,False,8474,8436,4657,HORS DOMAINE : K > 13200
0.25,0.4,0.0001,0.25003,0.29997,0.04994,1e-12,19706,10832,False,11450,11411,6292,HORS DOMAINE : K > 13200
0.25,0.4,0.001,0.2503,0.2997,0.0494,1e-06,9949,5469,False,5644,5606,3101,domaine
0.25,0.4,0.001,0.2503,0.2997,0.0494,1e-09,15057,8277,False,8661,8623,4759,HORS DOMAINE : K > 13200
0.25,0.4,0.001,0.2503,0.2997,0.0494,1e-12,20166,11085,False,11703,11664,6431,HORS DOMAINE : K > 13200
0.25,0.4,0.01,0.253,0.297,0.044,1e-06,12727,6997,False,7121,7078,3914,domaine
0.25,0.4,0.01,0.253,0.297,0.044,1e-09,19254,10585,False,10927,10884,6006,HORS DOMAINE : K > 13200
0.25,0.4,0.01,0.253,0.297,0.044,1e-12,25781,14174,False,14763,14720,8114,HORS DOMAINE : K > 13200
0.25,0.5,0.0,0.25,0.375,0.125,1e-06,1576,983,False,985,970,613,domaine
0.25,0.5,0.0,0.25,0.375,0.125,1e-09,2396,1494,False,1513,1498,942,domaine
0.25,0.5,0.0,0.25,0.375,0.125,1e-12,3215,2004,False,2046,2031,1274,domaine
0.25,0.5,1e-06,0.25,0.375,0.124999,1e-06,1576,983,False,985,970,613,domaine
0.25,0.5,1e-06,0.25,0.375,0.124999,1e-09,2396,1494,False,1513,1498,942,domaine
0.25,0.5,1e-06,0.25,0.375,0.124999,1e-12,3215,2004,False,2046,2031,1274,domaine
0.25,0.5,0.0001,0.250038,0.374962,0.124925,1e-06,1578,984,False,986,971,614,domaine
0.25,0.5,0.0001,0.250038,0.374962,0.124925,1e-09,2399,1496,False,1515,1500,943,domaine
0.25,0.5,0.0001,0.250038,0.374962,0.124925,1e-12,3219,2007,False,2049,2033,1275,domaine
0.25,0.5,0.001,0.250375,0.374625,0.12425,1e-06,1597,996,False,997,982,621,domaine
0.25,0.5,0.001,0.250375,0.374625,0.12425,1e-09,2427,1513,False,1532,1517,954,domaine
0.25,0.5,0.001,0.250375,0.374625,0.12425,1e-12,3257,2031,False,2071,2056,1290,domaine
0.25,0.5,0.01,0.25375,0.37125,0.1175,1e-06,1802,1124,False,1117,1101,696,domaine
0.25,0.5,0.01,0.25375,0.37125,0.1175,1e-09,2737,1707,False,1717,1700,1069,domaine
0.25,0.5,0.01,0.25375,0.37125,0.1175,1e-12,3672,2290,False,2320,2304,1445,domaine
0.25,0.7,0.0,0.25,0.525,0.275,1e-06,360,277,False,241,234,185,domaine
0.25,0.7,0.0,0.25,0.525,0.275,1e-09,549,424,False,371,364,285,domaine
0.25,0.7,0.0,0.25,0.525,0.275,1e-12,739,570,False,502,495,386,domaine
0.25,0.7,1e-06,0.250001,0.524999,0.274999,1e-06,360,277,False,241,234,185,domaine
0.25,0.7,1e-06,0.250001,0.524999,0.274999,1e-09,549,424,False,371,364,285,domaine
0.25,0.7,1e-06,0.250001,0.524999,0.274999,1e-12,739,570,False,502,495,386,domaine
0.25,0.7,0.0001,0.250053,0.524947,0.274895,1e-06,360,278,False,241,234,185,domaine
0.25,0.7,0.0001,0.250053,0.524947,0.274895,1e-09,550,424,False,371,364,285,domaine
0.25,0.7,0.0001,0.250053,0.524947,0.274895,1e-12,739,570,False,502,495,386,domaine
0.25,0.7,0.001,0.250525,0.524475,0.27395,1e-06,363,280,False,243,236,187,domaine
0.25,0.7,0.001,0.250525,0.524475,0.27395,1e-09,554,427,False,374,367,287,domaine
0.25,0.7,0.001,0.250525,0.524475,0.27395,1e-12,745,574,False,506,499,389,domaine
0.25,0.7,0.01,0.25525,0.51975,0.2645,1e-06,393,303,False,262,255,201,domaine
0.25,0.7,0.01,0.25525,0.51975,0.2645,1e-09,599,462,False,403,396,310,domaine
0.25,0.7,0.01,0.25525,0.51975,0.2645,1e-12,806,622,False,545,537,419,domaine
0.25,1.0,0.0,0.25,0.75,0.5,1e-06,124,124,False,87,83,87,domaine
0.25,1.0,0.0,0.25,0.75,0.5,1e-09,191,191,False,133,130,133,domaine
0.25,1.0,0.0,0.25,0.75,0.5,1e-12,257,257,False,180,176,180,domaine
0.25,1.0,1e-06,0.250001,0.749999,0.499999,1e-06,124,124,False,87,83,87,domaine
0.25,1.0,1e-06,0.250001,0.749999,0.499999,1e-09,191,191,False,133,130,133,domaine
0.25,1.0,1e-06,0.250001,0.749999,0.499999,1e-12,257,257,False,180,176,180,domaine
0.25,1.0,0.0001,0.250075,0.749925,0.49985,1e-06,124,124,False,87,83,87,domaine
0.25,1.0,0.0001,0.250075,0.749925,0.49985,1e-09,191,191,False,133,130,133,domaine
0.25,1.0,0.0001,0.250075,0.749925,0.49985,1e-12,257,257,False,181,177,181,domaine
0.25,1.0,0.001,0.25075,0.74925,0.4985,1e-06,125,125,False,87,84,87,domaine
0.25,1.0,0.001,0.25075,0.74925,0.4985,1e-09,192,192,False,134,130,134,domaine
0.25,1.0,0.001,0.25075,0.74925,0.4985,1e-12,259,259,False,181,178,181,domaine
0.25,1.0,0.01,0.2575,0.7425,0.485,1e-06,134,134,False,93,89,93,domaine
0.25,1.0,0.01,0.2575,0.7425,0.485,1e-09,205,205,False,143,139,143,domaine
0.25,1.0,0.01,0.2575,0.7425,0.485,1e-12,276,276,False,193,190,193,domaine
0.3,0.2,0.0,0.3,0.14,-0.16,1e-06,,,False,,,,HORS DOMAINE : (1-b)d(1-2p) <= b
0.3,0.2,0.0,0.3,0.14,-0.16,1e-09,,,False,,,,HORS DOMAINE : (1-b)d(1-2p) <= b
0.3,0.2,0.0,0.3,0.14,-0.16,1e-12,,,False,,,,HORS DOMAINE : (1-b)d(1-2p) <= b
0.3,0.2,1e-06,0.3,0.14,-0.16,1e-06,,,False,,,,HORS DOMAINE : (1-b)d(1-2p) <= b
0.3,0.2,1e-06,0.3,0.14,-0.16,1e-09,,,False,,,,HORS DOMAINE : (1-b)d(1-2p) <= b
0.3,0.2,1e-06,0.3,0.14,-0.16,1e-12,,,False,,,,HORS DOMAINE : (1-b)d(1-2p) <= b
0.3,0.2,0.0001,0.300014,0.139986,-0.160028,1e-06,,,False,,,,HORS DOMAINE : (1-b)d(1-2p) <= b
0.3,0.2,0.0001,0.300014,0.139986,-0.160028,1e-09,,,False,,,,HORS DOMAINE : (1-b)d(1-2p) <= b
0.3,0.2,0.0001,0.300014,0.139986,-0.160028,1e-12,,,False,,,,HORS DOMAINE : (1-b)d(1-2p) <= b
0.3,0.2,0.001,0.30014,0.13986,-0.16028,1e-06,,,False,,,,HORS DOMAINE : (1-b)d(1-2p) <= b
0.3,0.2,0.001,0.30014,0.13986,-0.16028,1e-09,,,False,,,,HORS DOMAINE : (1-b)d(1-2p) <= b
0.3,0.2,0.001,0.30014,0.13986,-0.16028,1e-12,,,False,,,,HORS DOMAINE : (1-b)d(1-2p) <= b
0.3,0.2,0.01,0.3014,0.1386,-0.1628,1e-06,,,False,,,,HORS DOMAINE : (1-b)d(1-2p) <= b
0.3,0.2,0.01,0.3014,0.1386,-0.1628,1e-09,,,False,,,,HORS DOMAINE : (1-b)d(1-2p) <= b
0.3,0.2,0.01,0.3014,0.1386,-0.1628,1e-12,,,False,,,,HORS DOMAINE : (1-b)d(1-2p) <= b
0.3,0.3,0.0,0.3,0.21,-0.09,1e-06,,,False,,,,HORS DOMAINE : (1-b)d(1-2p) <= b
0.3,0.3,0.0,0.3,0.21,-0.09,1e-09,,,False,,,,HORS DOMAINE : (1-b)d(1-2p) <= b
0.3,0.3,0.0,0.3,0.21,-0.09,1e-12,,,False,,,,HORS DOMAINE : (1-b)d(1-2p) <= b
0.3,0.3,1e-06,0.3,0.21,-0.09,1e-06,,,False,,,,HORS DOMAINE : (1-b)d(1-2p) <= b
0.3,0.3,1e-06,0.3,0.21,-0.09,1e-09,,,False,,,,HORS DOMAINE : (1-b)d(1-2p) <= b
0.3,0.3,1e-06,0.3,0.21,-0.09,1e-12,,,False,,,,HORS DOMAINE : (1-b)d(1-2p) <= b
0.3,0.3,0.0001,0.300021,0.209979,-0.090042,1e-06,,,False,,,,HORS DOMAINE : (1-b)d(1-2p) <= b
0.3,0.3,0.0001,0.300021,0.209979,-0.090042,1e-09,,,False,,,,HORS DOMAINE : (1-b)d(1-2p) <= b
0.3,0.3,0.0001,0.300021,0.209979,-0.090042,1e-12,,,False,,,,HORS DOMAINE : (1-b)d(1-2p) <= b
0.3,0.3,0.001,0.30021,0.20979,-0.09042,1e-06,,,False,,,,HORS DOMAINE : (1-b)d(1-2p) <= b
0.3,0.3,0.001,0.30021,0.20979,-0.09042,1e-09,,,False,,,,HORS DOMAINE : (1-b)d(1-2p) <= b
0.3,0.3,0.001,0.30021,0.20979,-0.09042,1e-12,,,False,,,,HORS DOMAINE : (1-b)d(1-2p) <= b
0.3,0.3,0.01,0.3021,0.2079,-0.0942,1e-06,,,False,,,,HORS DOMAINE : (1-b)d(1-2p) <= b
0.3,0.3,0.01,0.3021,0.2079,-0.0942,1e-09,,,False,,,,HORS DOMAINE : (1-b)d(1-2p) <= b
0.3,0.3,0.01,0.3021,0.2079,-0.0942,1e-12,,,False,,,,HORS DOMAINE : (1-b)d(1-2p) <= b
0.3,0.4,0.0,0.3,0.28,-0.02,1e-06,,,False,,,,HORS DOMAINE : (1-b)d(1-2p) <= b
0.3,0.4,0.0,0.3,0.28,-0.02,1e-09,,,False,,,,HORS DOMAINE : (1-b)d(1-2p) <= b
0.3,0.4,0.0,0.3,0.28,-0.02,1e-12,,,False,,,,HORS DOMAINE : (1-b)d(1-2p) <= b
0.3,0.4,1e-06,0.3,0.28,-0.020001,1e-06,,,False,,,,HORS DOMAINE : (1-b)d(1-2p) <= b
0.3,0.4,1e-06,0.3,0.28,-0.020001,1e-09,,,False,,,,HORS DOMAINE : (1-b)d(1-2p) <= b
0.3,0.4,1e-06,0.3,0.28,-0.020001,1e-12,,,False,,,,HORS DOMAINE : (1-b)d(1-2p) <= b
0.3,0.4,0.0001,0.300028,0.279972,-0.020056,1e-06,,,False,,,,HORS DOMAINE : (1-b)d(1-2p) <= b
0.3,0.4,0.0001,0.300028,0.279972,-0.020056,1e-09,,,False,,,,HORS DOMAINE : (1-b)d(1-2p) <= b
0.3,0.4,0.0001,0.300028,0.279972,-0.020056,1e-12,,,False,,,,HORS DOMAINE : (1-b)d(1-2p) <= b
0.3,0.4,0.001,0.30028,0.27972,-0.02056,1e-06,,,False,,,,HORS DOMAINE : (1-b)d(1-2p) <= b
0.3,0.4,0.001,0.30028,0.27972,-0.02056,1e-09,,,False,,,,HORS DOMAINE : (1-b)d(1-2p) <= b
0.3,0.4,0.001,0.30028,0.27972,-0.02056,1e-12,,,False,,,,HORS DOMAINE : (1-b)d(1-2p) <= b
0.3,0.4,0.01,0.3028,0.2772,-0.0256,1e-06,,,False,,,,HORS DOMAINE : (1-b)d(1-2p) <= b
0.3,0.4,0.01,0.3028,0.2772,-0.0256,1e-09,,,False,,,,HORS DOMAINE : (1-b)d(1-2p) <= b
0.3,0.4,0.01,0.3028,0.2772,-0.0256,1e-12,,,False,,,,HORS DOMAINE : (1-b)d(1-2p) <= b
0.3,0.5,0.0,0.3,0.35,0.05,1e-06,11705,7606,False,6518,6480,4235,domaine
0.3,0.5,0.0,0.3,0.35,0.05,1e-09,17705,11505,False,10002,9963,6498,HORS DOMAINE : K > 13200
0.3,0.5,0.0,0.3,0.35,0.05,1e-12,23707,15405,False,13513,13474,8779,HORS DOMAINE : K > 13200
0.3,0.5,1e-06,0.3,0.35,0.049999,1e-06,11705,7606,False,6518,6481,4235,domaine
0.3,0.5,1e-06,0.3,0.35,0.049999,1e-09,17705,11505,False,10002,9964,6498,HORS DOMAINE : K > 13200
0.3,0.5,1e-06,0.3,0.35,0.049999,1e-12,23706,15404,False,13513,13475,8779,HORS DOMAINE : K > 13200
0.3,0.5,0.0001,0.300035,0.349965,0.04993,1e-06,11740,7629,False,6536,6499,4246,domaine
0.3,0.5,0.0001,0.300035,0.349965,0.04993,1e-09,17757,11539,False,10030,9992,6516,HORS DOMAINE : K > 13200
0.3,0.5,0.0001,0.300035,0.349965,0.04993,1e-12,23780,15452,False,13551,13512,8804,HORS DOMAINE : K > 13200
0.3,0.5,0.001,0.30035,0.34965,0.0493,1e-06,12061,7838,False,6705,6667,4356,domaine
0.3,0.5,0.001,0.30035,0.34965,0.0493,1e-09,18242,11854,False,10289,10250,6684,HORS DOMAINE : K > 13200
0.3,0.5,0.001,0.30035,0.34965,0.0493,1e-12,24425,15871,False,13900,13861,9031,HORS DOMAINE : K > 13200
0.3,0.5,0.01,0.3035,0.3465,0.043,1e-06,16128,10481,False,8821,8778,5732,HORS DOMAINE : K > 13200
0.3,0.5,0.01,0.3035,0.3465,0.043,1e-09,24382,15845,False,13535,13491,8794,HORS DOMAINE : K > 13200
0.3,0.5,0.01,0.3035,0.3465,0.043,1e-12,32635,21208,True,18285,18241,11881,HORS DOMAINE : K > 13200
0.3,0.7,0.0,0.3,0.49,0.19,1e-06,835,658,False,533,523,420,domaine
0.3,0.7,0.0,0.3,0.49,0.19,1e-09,1270,1001,False,819,809,645,domaine
0.3,0.7,0.0,0.3,0.49,0.19,1e-12,1705,1344,False,1108,1098,872,domaine
0.3,0.7,1e-06,0.3,0.49,0.189999,1e-06,835,658,False,533,523,420,domaine
0.3,0.7,1e-06,0.3,0.49,0.189999,1e-09,1270,1001,False,819,809,645,domaine
0.3,0.7,1e-06,0.3,0.49,0.189999,1e-12,1705,1344,False,1108,1098,872,domaine
0.3,0.7,0.0001,0.300049,0.489951,0.189902,1e-06,835,659,False,534,524,420,domaine
0.3,0.7,0.0001,0.300049,0.489951,0.189902,1e-09,1271,1002,False,820,810,646,domaine
0.3,0.7,0.0001,0.300049,0.489951,0.189902,1e-12,1707,1346,False,1109,1099,873,domaine
0.3,0.7,0.001,0.30049,0.48951,0.18902,1e-06,844,665,False,539,529,424,domaine
0.3,0.7,0.001,0.30049,0.48951,0.18902,1e-09,1284,1013,False,828,818,652,domaine
0.3,0.7,0.001,0.30049,0.48951,0.18902,1e-12,1724,1360,False,1120,1109,882,domaine
0.3,0.7,0.01,0.3049,0.4851,0.1802,1e-06,937,739,False,594,584,468,domaine
0.3,0.7,0.01,0.3049,0.4851,0.1802,1e-09,1425,1123,False,913,903,720,domaine
0.3,0.7,0.01,0.3049,0.4851,0.1802,1e-12,1913,1508,False,1235,1224,973,domaine
0.3,1.0,0.0,0.3,0.7,0.4,1e-06,211,211,False,143,138,143,domaine
0.3,1.0,0.0,0.3,0.7,0.4,1e-09,322,322,False,220,215,220,domaine
0.3,1.0,0.0,0.3,0.7,0.4,1e-12,434,434,False,298,293,298,domaine
0.3,1.0,1e-06,0.300001,0.699999,0.399999,1e-06,211,211,False,143,138,143,domaine
0.3,1.0,1e-06,0.300001,0.699999,0.399999,1e-09,322,322,False,220,215,220,domaine
0.3,1.0,1e-06,0.300001,0.699999,0.399999,1e-12,434,434,False,298,293,298,domaine
0.3,1.0,0.0001,0.30007,0.69993,0.39986,1e-06,211,211,False,143,138,143,domaine
0.3,1.0,0.0001,0.30007,0.69993,0.39986,1e-09,323,323,False,220,216,220,domaine
0.3,1.0,0.0001,0.30007,0.69993,0.39986,1e-12,434,434,False,298,293,298,domaine
0.3,1.0,0.001,0.3007,0.6993,0.3986,1e-06,213,213,False,144,140,144,domaine
0.3,1.0,0.001,0.3007,0.6993,0.3986,1e-09,325,325,False,222,217,222,domaine
0.3,1.0,0.001,0.3007,0.6993,0.3986,1e-12,437,437,False,300,295,300,domaine
0.3,1.0,0.01,0.307,0.693,0.386,1e-06,229,229,False,155,150,155,domaine
0.3,1.0,0.01,0.307,0.693,0.386,1e-09,350,350,False,238,233,238,domaine
0.3,1.0,0.01,0.307,0.693,0.386,1e-12,471,471,False,322,317,322,domaine
