beta,u,delay,k,registry_min_blocks,deep_disagreement_stop_samples,events,samples,estimate,ci95_low,ci95_high,zero_events_exact_upper95
0.1,1.0,0.0,4,32,0,0,16,0.0,0.0,0.1936076805344365,0.17074972298248092
0.1,1.0,0.0,4,2880,0,0,16,0.0,0.0,0.1936076805344365,0.17074972298248092
0.1,1.0,0.0,8,32,0,0,16,0.0,0.0,0.1936076805344365,0.17074972298248092
0.1,1.0,0.0,8,2880,0,0,16,0.0,0.0,0.1936076805344365,0.17074972298248092
0.1,1.0,0.0,16,32,0,0,16,0.0,0.0,0.1936076805344365,0.17074972298248092
0.1,1.0,0.0,16,2880,0,0,16,0.0,0.0,0.1936076805344365,0.17074972298248092
0.1,1.0,0.0,32,32,0,0,16,0.0,0.0,0.1936076805344365,0.17074972298248092
0.1,1.0,0.0,32,2880,0,0,16,0.0,0.0,0.1936076805344365,0.17074972298248092
0.1,1.0,0.0,64,32,0,0,16,0.0,0.0,0.1936076805344365,0.17074972298248092
0.1,1.0,0.0,64,2880,0,0,16,0.0,0.0,0.1936076805344365,0.17074972298248092
0.1,1.0,0.0,128,32,0,0,16,0.0,0.0,0.1936076805344365,0.17074972298248092
0.1,1.0,0.0,128,2880,0,0,16,0.0,0.0,0.1936076805344365,0.17074972298248092
0.1,1.0,0.0,256,32,0,0,16,0.0,0.0,0.1936076805344365,0.17074972298248092
0.1,1.0,0.0,256,2880,0,0,16,0.0,0.0,0.1936076805344365,0.17074972298248092
0.1,1.0,0.0,512,32,0,0,16,0.0,0.0,0.1936076805344365,0.17074972298248092
0.1,1.0,0.0,512,2880,0,0,16,0.0,0.0,0.1936076805344365,0.17074972298248092
0.1,1.0,0.0,1024,32,0,0,16,0.0,0.0,0.1936076805344365,0.17074972298248092
0.1,1.0,0.0,1024,2880,0,0,16,0.0,0.0,0.1936076805344365,0.17074972298248092
0.1,1.0,0.0,2048,32,0,0,16,0.0,0.0,0.1936076805344365,0.17074972298248092
0.1,1.0,0.0,2048,2880,0,0,16,0.0,0.0,0.1936076805344365,0.17074972298248092
0.1,1.0,0.0,4096,32,0,0,16,0.0,0.0,0.1936076805344365,0.17074972298248092
0.1,1.0,0.0,4096,2880,0,0,16,0.0,0.0,0.1936076805344365,0.17074972298248092
