beta,u,h,alpha,f,delay,d,reduced_good,reduced_bad,epsilon,horizon,q_paths,N_v06_status,conditional_status,reason,active_barrier_n,z,pgf,registry_min_blocks_conditional,K_barrier_slots,growth_slots,K_reg_slots_guard0,K_reg_slots_guard6000,K_reg_hours_tau6,cp_component_bound,active_count_component_bound,growth_component_bound,composed_conditional_bound
0.1,1.0,0.9,0.0,1.0,0.0,0,0.9,0.09999999999999998,1e-06,14400,1,UNKNOWN,CONDITIONAL,,120,1.2414294748167956,2.1515070808042913,121,121,172,414,1,0.69,1.661341735428125e-07,0.0,1.0702622640155948e-07,6.05428747029997e-07
0.1,1.0,0.9,0.0,1.0,0.0,0,0.9,0.09999999999999998,1e-06,14400,256,UNKNOWN,CONDITIONAL,,146,1.240601861679235,2.111115883778998,147,147,209,503,1,0.8383333333333334,1.6625700911056285e-07,0.0,1.0638788748858486e-07,6.051589148202735e-07
0.1,1.0,0.9,0.0,1.0,0.0,0,0.9,0.09999999999999998,1e-09,14400,1,UNKNOWN,CONDITIONAL,,152,1.2413112443685725,2.14470896178165,153,153,218,524,1,0.8733333333333333,1.6590751661451668e-10,0.0,6.979510183306475e-11,5.675176516766149e-10
0.1,1.0,0.9,0.0,1.0,0.0,0,0.9,0.09999999999999998,1e-09,14400,256,UNKNOWN,CONDITIONAL,,178,1.240720092127458,2.11608144318729,179,179,255,613,1,1.0216666666666667,1.6527064708751866e-10,0.0,6.937964909589621e-11,5.651915903584521e-10
0.1,1.0,0.9,0.0,1.0,0.0,0,0.9,0.09999999999999998,1e-12,14400,1,UNKNOWN,CONDITIONAL,,184,1.2413112443685725,2.14470896178165,185,185,263,633,1,1.055,1.6431756870027557e-13,0.0,1.3534425527979983e-13,6.282969613806266e-13
0.1,1.0,0.9,0.0,1.0,0.0,0,0.9,0.09999999999999998,1e-12,14400,256,UNKNOWN,CONDITIONAL,,210,1.240720092127458,2.11608144318729,211,211,300,722,1,1.2033333333333334,1.662010030746283e-13,0.0,1.3453637007034462e-13,6.331393792942295e-13
0.1,1.0,0.9,0.0,1.0,0.5,0,0.9,0.09999999999999998,1e-06,14400,1,UNKNOWN,CONDITIONAL,,120,1.2414294748167956,2.1515070808042913,121,121,172,414,1,0.69,1.661341735428125e-07,0.0,1.0702622640155948e-07,6.05428747029997e-07
0.1,1.0,0.9,0.0,1.0,0.5,0,0.9,0.09999999999999998,1e-06,14400,256,UNKNOWN,CONDITIONAL,,146,1.240601861679235,2.111115883778998,147,147,209,503,1,0.8383333333333334,1.6625700911056285e-07,0.0,1.0638788748858486e-07,6.051589148202735e-07
0.1,1.0,0.9,0.0,1.0,0.5,0,0.9,0.09999999999999998,1e-09,14400,1,UNKNOWN,CONDITIONAL,,152,1.2413112443685725,2.14470896178165,153,153,218,524,1,0.8733333333333333,1.6590751661451668e-10,0.0,6.979510183306475e-11,5.675176516766149e-10
0.1,1.0,0.9,0.0,1.0,0.5,0,0.9,0.09999999999999998,1e-09,14400,256,UNKNOWN,CONDITIONAL,,178,1.240720092127458,2.11608144318729,179,179,255,613,1,1.0216666666666667,1.6527064708751866e-10,0.0,6.937964909589621e-11,5.651915903584521e-10
0.1,1.0,0.9,0.0,1.0,0.5,0,0.9,0.09999999999999998,1e-12,14400,1,UNKNOWN,CONDITIONAL,,184,1.2413112443685725,2.14470896178165,185,185,263,633,1,1.055,1.6431756870027557e-13,0.0,1.3534425527979983e-13,6.282969613806266e-13
0.1,1.0,0.9,0.0,1.0,0.5,0,0.9,0.09999999999999998,1e-12,14400,256,UNKNOWN,CONDITIONAL,,210,1.240720092127458,2.11608144318729,211,211,300,722,1,1.2033333333333334,1.662010030746283e-13,0.0,1.3453637007034462e-13,6.331393792942295e-13
0.1,1.0,0.9,0.0,1.0,1.0,1,0.0,1.0,1e-06,14400,1,UNKNOWN,NO_CERTIFICATE,DELAY_REDUCTION_LOOSE,,,,,,,,,,,,,
0.1,1.0,0.9,0.0,1.0,1.0,1,0.0,1.0,1e-06,14400,256,UNKNOWN,NO_CERTIFICATE,DELAY_REDUCTION_LOOSE,,,,,,,,,,,,,
0.1,1.0,0.9,0.0,1.0,1.0,1,0.0,1.0,1e-09,14400,1,UNKNOWN,NO_CERTIFICATE,DELAY_REDUCTION_LOOSE,,,,,,,,,,,,,
0.1,1.0,0.9,0.0,1.0,1.0,1,0.0,1.0,1e-09,14400,256,UNKNOWN,NO_CERTIFICATE,DELAY_REDUCTION_LOOSE,,,,,,,,,,,,,
0.1,1.0,0.9,0.0,1.0,1.0,1,0.0,1.0,1e-12,14400,1,UNKNOWN,NO_CERTIFICATE,DELAY_REDUCTION_LOOSE,,,,,,,,,,,,,
0.1,1.0,0.9,0.0,1.0,1.0,1,0.0,1.0,1e-12,14400,256,UNKNOWN,NO_CERTIFICATE,DELAY_REDUCTION_LOOSE,,,,,,,,,,,,,
0.1,1.0,0.9,0.0,1.0,2.0,2,0.0,1.0,1e-06,14400,1,UNKNOWN,NO_CERTIFICATE,DELAY_REDUCTION_LOOSE,,,,,,,,,,,,,
0.1,1.0,0.9,0.0,1.0,2.0,2,0.0,1.0,1e-06,14400,256,UNKNOWN,NO_CERTIFICATE,DELAY_REDUCTION_LOOSE,,,,,,,,,,,,,
0.1,1.0,0.9,0.0,1.0,2.0,2,0.0,1.0,1e-09,14400,1,UNKNOWN,NO_CERTIFICATE,DELAY_REDUCTION_LOOSE,,,,,,,,,,,,,
0.1,1.0,0.9,0.0,1.0,2.0,2,0.0,1.0,1e-09,14400,256,UNKNOWN,NO_CERTIFICATE,DELAY_REDUCTION_LOOSE,,,,,,,,,,,,,
0.1,1.0,0.9,0.0,1.0,2.0,2,0.0,1.0,1e-12,14400,1,UNKNOWN,NO_CERTIFICATE,DELAY_REDUCTION_LOOSE,,,,,,,,,,,,,
0.1,1.0,0.9,0.0,1.0,2.0,2,0.0,1.0,1e-12,14400,256,UNKNOWN,NO_CERTIFICATE,DELAY_REDUCTION_LOOSE,,,,,,,,,,,,,
0.1,0.7,0.63,0.2700000000000001,0.73,0.0,0,0.863013698630137,0.136986301369863,1e-06,14400,1,UNKNOWN,CONDITIONAL,,174,1.1605903136837614,2.0628946527412766,175,320,388,1028,1,1.7133333333333334,1.6546406971638912e-07,1.056968317501733e-07,1.1484744838769452e-07,8.226333210372085e-07
0.1,0.7,0.63,0.2700000000000001,0.73,0.0,0,0.863013698630137,0.136986301369863,1e-06,14400,256,UNKNOWN,CONDITIONAL,,211,1.1608269370324729,2.079679735033236,212,388,470,1246,1,2.0766666666666667,1.6544787484247907e-07,1.26652206688878e-07,1.34199323090123e-07,8.838473609953163e-07
0.1,0.7,0.63,0.2700000000000001,0.73,0.0,0,0.863013698630137,0.136986301369863,1e-09,14400,1,UNKNOWN,CONDITIONAL,,220,1.1609846859316137,2.092450764350792,221,405,490,1300,1,2.1666666666666665,1.64888239384224e-10,1.0529453427823476e-10,1.3832832057853567e-10,8.435821072876771e-10
0.1,0.7,0.63,0.2700000000000001,0.73,0.0,0,0.863013698630137,0.136986301369863,1e-09,14400,256,UNKNOWN,CONDITIONAL,,257,1.161063560381184,2.0994862442864664,258,473,572,1518,1,2.53,1.662358759855376e-10,1.2618556988581133e-10,1.6163686165265795e-10,9.127156293808935e-10
0.1,0.7,0.63,0.2700000000000001,0.73,0.0,0,0.863013698630137,0.136986301369863,1e-12,14400,1,UNKNOWN,CONDITIONAL,,266,1.161221309280325,2.1153868383336634,267,490,592,1572,1,2.62,1.6457471997324566e-13,1.0488732439014067e-13,1.6660989683444308e-13,8.701087055344614e-13
0.1,0.7,0.63,0.2700000000000001,0.73,0.0,0,0.863013698630137,0.136986301369863,1e-12,14400,256,UNKNOWN,CONDITIONAL,,303,1.1613001837298953,2.124625358232665,304,558,675,1791,1,2.985,1.6432472313891325e-13,1.2570918256919415e-13,1.3113719708268823e-13,8.755297316378163e-13
0.1,0.7,0.63,0.2700000000000001,0.73,0.5,0,0.863013698630137,0.136986301369863,1e-06,14400,1,UNKNOWN,CONDITIONAL,,174,1.1605903136837614,2.0628946527412766,175,320,388,1028,1,1.7133333333333334,1.6546406971638912e-07,1.056968317501733e-07,1.1484744838769452e-07,8.226333210372085e-07
0.1,0.7,0.63,0.2700000000000001,0.73,0.5,0,0.863013698630137,0.136986301369863,1e-06,14400,256,UNKNOWN,CONDITIONAL,,211,1.1608269370324729,2.079679735033236,212,388,470,1246,1,2.0766666666666667,1.6544787484247907e-07,1.26652206688878e-07,1.34199323090123e-07,8.838473609953163e-07
0.1,0.7,0.63,0.2700000000000001,0.73,0.5,0,0.863013698630137,0.136986301369863,1e-09,14400,1,UNKNOWN,CONDITIONAL,,220,1.1609846859316137,2.092450764350792,221,405,490,1300,1,2.1666666666666665,1.64888239384224e-10,1.0529453427823476e-10,1.3832832057853567e-10,8.435821072876771e-10
0.1,0.7,0.63,0.2700000000000001,0.73,0.5,0,0.863013698630137,0.136986301369863,1e-09,14400,256,UNKNOWN,CONDITIONAL,,257,1.161063560381184,2.0994862442864664,258,473,572,1518,1,2.53,1.662358759855376e-10,1.2618556988581133e-10,1.6163686165265795e-10,9.127156293808935e-10
0.1,0.7,0.63,0.2700000000000001,0.73,0.5,0,0.863013698630137,0.136986301369863,1e-12,14400,1,UNKNOWN,CONDITIONAL,,266,1.161221309280325,2.1153868383336634,267,490,592,1572,1,2.62,1.6457471997324566e-13,1.0488732439014067e-13,1.6660989683444308e-13,8.701087055344614e-13
0.1,0.7,0.63,0.2700000000000001,0.73,0.5,0,0.863013698630137,0.136986301369863,1e-12,14400,256,UNKNOWN,CONDITIONAL,,303,1.1613001837298953,2.124625358232665,304,558,675,1791,1,2.985,1.6432472313891325e-13,1.2570918256919415e-13,1.3113719708268823e-13,8.755297316378163e-13
0.1,0.7,0.63,0.2700000000000001,0.73,1.0,1,0.23301369863013702,0.766986301369863,1e-06,14400,1,UNKNOWN,NO_CERTIFICATE,DELAY_REDUCTION_LOOSE,,,,,,,,,,,,,
0.1,0.7,0.63,0.2700000000000001,0.73,1.0,1,0.23301369863013702,0.766986301369863,1e-06,14400,256,UNKNOWN,NO_CERTIFICATE,DELAY_REDUCTION_LOOSE,,,,,,,,,,,,,
0.1,0.7,0.63,0.2700000000000001,0.73,1.0,1,0.23301369863013702,0.766986301369863,1e-09,14400,1,UNKNOWN,NO_CERTIFICATE,DELAY_REDUCTION_LOOSE,,,,,,,,,,,,,
0.1,0.7,0.63,0.2700000000000001,0.73,1.0,1,0.23301369863013702,0.766986301369863,1e-09,14400,256,UNKNOWN,NO_CERTIFICATE,DELAY_REDUCTION_LOOSE,,,,,,,,,,,,,
0.1,0.7,0.63,0.2700000000000001,0.73,1.0,1,0.23301369863013702,0.766986301369863,1e-12,14400,1,UNKNOWN,NO_CERTIFICATE,DELAY_REDUCTION_LOOSE,,,,,,,,,,,,,
0.1,0.7,0.63,0.2700000000000001,0.73,1.0,1,0.23301369863013702,0.766986301369863,1e-12,14400,256,UNKNOWN,NO_CERTIFICATE,DELAY_REDUCTION_LOOSE,,,,,,,,,,,,,
0.1,0.7,0.63,0.2700000000000001,0.73,2.0,2,0.06291369863013699,0.937086301369863,1e-06,14400,1,UNKNOWN,NO_CERTIFICATE,DELAY_REDUCTION_LOOSE,,,,,,,,,,,,,
0.1,0.7,0.63,0.2700000000000001,0.73,2.0,2,0.06291369863013699,0.937086301369863,1e-06,14400,256,UNKNOWN,NO_CERTIFICATE,DELAY_REDUCTION_LOOSE,,,,,,,,,,,,,
0.1,0.7,0.63,0.2700000000000001,0.73,2.0,2,0.06291369863013699,0.937086301369863,1e-09,14400,1,UNKNOWN,NO_CERTIFICATE,DELAY_REDUCTION_LOOSE,,,,,,,,,,,,,
0.1,0.7,0.63,0.2700000000000001,0.73,2.0,2,0.06291369863013699,0.937086301369863,1e-09,14400,256,UNKNOWN,NO_CERTIFICATE,DELAY_REDUCTION_LOOSE,,,,,,,,,,,,,
0.1,0.7,0.63,0.2700000000000001,0.73,2.0,2,0.06291369863013699,0.937086301369863,1e-12,14400,1,UNKNOWN,NO_CERTIFICATE,DELAY_REDUCTION_LOOSE,,,,,,,,,,,,,
0.1,0.7,0.63,0.2700000000000001,0.73,2.0,2,0.06291369863013699,0.937086301369863,1e-12,14400,256,UNKNOWN,NO_CERTIFICATE,DELAY_REDUCTION_LOOSE,,,,,,,,,,,,,
0.1,0.4,0.36000000000000004,0.54,0.4600000000000001,0.0,0,0.7826086956521738,0.21739130434782616,1e-06,14400,1,UNKNOWN,CONDITIONAL,,394,1.068025628693015,2.107322676623083,395,1109,1450,3668,1,6.113333333333333,1.6630827627839117e-07,1.6169289835134778e-07,1.6373005317520993e-07,9.86040678713079e-07
0.1,0.4,0.36000000000000004,0.54,0.4600000000000001,0.0,0,0.7826086956521738,0.21739130434782616,1e-06,14400,256,UNKNOWN,CONDITIONAL,,479,1.0678595524867038,2.0468784923327203,480,1349,1763,4461,1,7.435,1.6573831191178813e-07,1.66382395600716e-07,1.6328337234305435e-07,9.932630992798507e-07
0.1,0.4,0.36000000000000004,0.54,0.4600000000000001,0.0,0,0.7826086956521738,0.21739130434782616,1e-09,14400,1,UNKNOWN,CONDITIONAL,,499,1.068025628693015,2.107322676623083,500,1406,1837,4649,1,7.748333333333333,1.6589682018713187e-10,1.61479103582341e-10,1.6522073456358906e-10,9.858694022896668e-10
0.1,0.4,0.36000000000000004,0.54,0.4600000000000001,0.0,0,0.7826086956521738,0.21739130434782616,1e-09,14400,256,UNKNOWN,CONDITIONAL,,584,1.0678927677279662,2.0556131729124227,585,1646,2150,5442,1,9.07,1.6572919048013584e-10,1.661484568652646e-10,1.647353509551698e-10,9.942198361261064e-10
0.1,0.4,0.36000000000000004,0.54,0.4600000000000001,0.0,0,0.7826086956521738,0.21739130434782616,1e-12,14400,1,UNKNOWN,CONDITIONAL,,604,1.068025628693015,2.107322676623083,605,1703,2225,5631,1,9.385,1.6548638206153748e-13,1.6122698465096557e-13,1.4651839971118626e-13,9.6543151519773e-13
0.1,0.4,0.36000000000000004,0.54,0.4600000000000001,0.0,0,0.7826086956521738,0.21739130434782616,1e-12,14400,256,UNKNOWN,CONDITIONAL,,689,1.0679259829692282,2.0653446845931884,690,1943,2537,6423,423,10.705,1.6471777690597186e-13,1.658842916982888e-13,1.6616394319141883e-13,9.920858573059121e-13
0.1,0.4,0.36000000000000004,0.54,0.4600000000000001,0.5,0,0.7826086956521738,0.21739130434782616,1e-06,14400,1,UNKNOWN,CONDITIONAL,,394,1.068025628693015,2.107322676623083,395,1109,1450,3668,1,6.113333333333333,1.6630827627839117e-07,1.6169289835134778e-07,1.6373005317520993e-07,9.86040678713079e-07
0.1,0.4,0.36000000000000004,0.54,0.4600000000000001,0.5,0,0.7826086956521738,0.21739130434782616,1e-06,14400,256,UNKNOWN,CONDITIONAL,,479,1.0678595524867038,2.0468784923327203,480,1349,1763,4461,1,7.435,1.6573831191178813e-07,1.66382395600716e-07,1.6328337234305435e-07,9.932630992798507e-07
0.1,0.4,0.36000000000000004,0.54,0.4600000000000001,0.5,0,0.7826086956521738,0.21739130434782616,1e-09,14400,1,UNKNOWN,CONDITIONAL,,499,1.068025628693015,2.107322676623083,500,1406,1837,4649,1,7.748333333333333,1.6589682018713187e-10,1.61479103582341e-10,1.6522073456358906e-10,9.858694022896668e-10
0.1,0.4,0.36000000000000004,0.54,0.4600000000000001,0.5,0,0.7826086956521738,0.21739130434782616,1e-09,14400,256,UNKNOWN,CONDITIONAL,,584,1.0678927677279662,2.0556131729124227,585,1646,2150,5442,1,9.07,1.6572919048013584e-10,1.661484568652646e-10,1.647353509551698e-10,9.942198361261064e-10
0.1,0.4,0.36000000000000004,0.54,0.4600000000000001,0.5,0,0.7826086956521738,0.21739130434782616,1e-12,14400,1,UNKNOWN,CONDITIONAL,,604,1.068025628693015,2.107322676623083,605,1703,2225,5631,1,9.385,1.6548638206153748e-13,1.6122698465096557e-13,1.4651839971118626e-13,9.6543151519773e-13
0.1,0.4,0.36000000000000004,0.54,0.4600000000000001,0.5,0,0.7826086956521738,0.21739130434782616,1e-12,14400,256,UNKNOWN,CONDITIONAL,,689,1.0679259829692282,2.0653446845931884,690,1943,2537,6423,423,10.705,1.6471777690597186e-13,1.658842916982888e-13,1.6616394319141883e-13,9.920858573059121e-13
0.1,0.4,0.36000000000000004,0.54,0.4600000000000001,1.0,1,0.4226086956521738,0.5773913043478263,1e-06,14400,1,UNKNOWN,NO_CERTIFICATE,DELAY_REDUCTION_LOOSE,,,,,,,,,,,,,
0.1,0.4,0.36000000000000004,0.54,0.4600000000000001,1.0,1,0.4226086956521738,0.5773913043478263,1e-06,14400,256,UNKNOWN,NO_CERTIFICATE,DELAY_REDUCTION_LOOSE,,,,,,,,,,,,,
0.1,0.4,0.36000000000000004,0.54,0.4600000000000001,1.0,1,0.4226086956521738,0.5773913043478263,1e-09,14400,1,UNKNOWN,NO_CERTIFICATE,DELAY_REDUCTION_LOOSE,,,,,,,,,,,,,
0.1,0.4,0.36000000000000004,0.54,0.4600000000000001,1.0,1,0.4226086956521738,0.5773913043478263,1e-09,14400,256,UNKNOWN,NO_CERTIFICATE,DELAY_REDUCTION_LOOSE,,,,,,,,,,,,,
0.1,0.4,0.36000000000000004,0.54,0.4600000000000001,1.0,1,0.4226086956521738,0.5773913043478263,1e-12,14400,1,UNKNOWN,NO_CERTIFICATE,DELAY_REDUCTION_LOOSE,,,,,,,,,,,,,
0.1,0.4,0.36000000000000004,0.54,0.4600000000000001,1.0,1,0.4226086956521738,0.5773913043478263,1e-12,14400,256,UNKNOWN,NO_CERTIFICATE,DELAY_REDUCTION_LOOSE,,,,,,,,,,,,,
0.1,0.4,0.36000000000000004,0.54,0.4600000000000001,2.0,2,0.22820869565217383,0.7717913043478262,1e-06,14400,1,UNKNOWN,NO_CERTIFICATE,DELAY_REDUCTION_LOOSE,,,,,,,,,,,,,
0.1,0.4,0.36000000000000004,0.54,0.4600000000000001,2.0,2,0.22820869565217383,0.7717913043478262,1e-06,14400,256,UNKNOWN,NO_CERTIFICATE,DELAY_REDUCTION_LOOSE,,,,,,,,,,,,,
0.1,0.4,0.36000000000000004,0.54,0.4600000000000001,2.0,2,0.22820869565217383,0.7717913043478262,1e-09,14400,1,UNKNOWN,NO_CERTIFICATE,DELAY_REDUCTION_LOOSE,,,,,,,,,,,,,
0.1,0.4,0.36000000000000004,0.54,0.4600000000000001,2.0,2,0.22820869565217383,0.7717913043478262,1e-09,14400,256,UNKNOWN,NO_CERTIFICATE,DELAY_REDUCTION_LOOSE,,,,,,,,,,,,,
0.1,0.4,0.36000000000000004,0.54,0.4600000000000001,2.0,2,0.22820869565217383,0.7717913043478262,1e-12,14400,1,UNKNOWN,NO_CERTIFICATE,DELAY_REDUCTION_LOOSE,,,,,,,,,,,,,
0.1,0.4,0.36000000000000004,0.54,0.4600000000000001,2.0,2,0.22820869565217383,0.7717913043478262,1e-12,14400,256,UNKNOWN,NO_CERTIFICATE,DELAY_REDUCTION_LOOSE,,,,,,,,,,,,,
0.1,0.2,0.18000000000000002,0.7200000000000001,0.28,0.0,0,0.6428571428571429,0.3571428571428571,1e-06,14400,1,UNKNOWN,CONDITIONAL,,2861,1.0090947741882639,2.0481776223452517,2862,11418,17896,40732,34732,67.88666666666667,1.6611194566915567e-07,1.6349186627121988e-07,1.6572377320796883e-07,9.910433427578758e-07
0.1,0.2,0.18000000000000002,0.7200000000000001,0.28,0.0,0,0.6428571428571429,0.3571428571428571,1e-06,14400,256,UNKNOWN,CONDITIONAL,,3474,1.0090903334337322,2.030070421245186,3475,13869,21736,49474,43474,82.45666666666666,1.6639266894567818e-07,1.6116006253879465e-07,1.6284229440762577e-07,9.843404263222496e-07
0.1,0.2,0.18000000000000002,0.7200000000000001,0.28,0.0,0,0.6428571428571429,0.3571428571428571,1e-09,14400,1,UNKNOWN,CONDITIONAL,,3624,1.0090947741882639,2.0481776223452517,3625,14468,22675,51611,45611,86.01833333333333,1.6608010203716737e-10,1.6648835356863007e-10,1.6561641056724805e-10,9.968334238160103e-10
0.1,0.2,0.18000000000000002,0.7200000000000001,0.28,0.0,0,0.6428571428571429,0.3571428571428571,1e-09,14400,256,UNKNOWN,CONDITIONAL,,4237,1.0090947741882639,2.0481776223452517,4238,16919,26515,60353,54353,100.58833333333334,1.6529810322830201e-10,1.6407131801659894e-10,1.6268462786881408e-10,9.86721573586918e-10
0.1,0.2,0.18000000000000002,0.7200000000000001,0.28,0.0,0,0.6428571428571429,0.3571428571428571,1e-12,14400,1,UNKNOWN,CONDITIONAL,,4387,1.0090947741882639,2.0481776223452517,4388,17519,27454,62492,56492,104.15333333333334,1.6604826450959798e-13,1.6279833665216948e-13,1.654513761343784e-13,9.891928429675113e-13
0.1,0.2,0.18000000000000002,0.7200000000000001,0.28,0.0,0,0.6428571428571429,0.3571428571428571,1e-12,14400,256,UNKNOWN,CONDITIONAL,,5000,1.0090947741882639,2.0481776223452517,5001,19970,31293,71233,65233,118.72166666666666,1.652664156097725e-13,1.6040383470693838e-13,1.664942673244835e-13,9.831011835676777e-13
0.1,0.2,0.18000000000000002,0.7200000000000001,0.28,0.5,0,0.6428571428571429,0.3571428571428571,1e-06,14400,1,UNKNOWN,CONDITIONAL,,2861,1.0090947741882639,2.0481776223452517,2862,11418,17896,40732,34732,67.88666666666667,1.6611194566915567e-07,1.6349186627121988e-07,1.6572377320796883e-07,9.910433427578758e-07
0.1,0.2,0.18000000000000002,0.7200000000000001,0.28,0.5,0,0.6428571428571429,0.3571428571428571,1e-06,14400,256,UNKNOWN,CONDITIONAL,,3474,1.0090903334337322,2.030070421245186,3475,13869,21736,49474,43474,82.45666666666666,1.6639266894567818e-07,1.6116006253879465e-07,1.6284229440762577e-07,9.843404263222496e-07
0.1,0.2,0.18000000000000002,0.7200000000000001,0.28,0.5,0,0.6428571428571429,0.3571428571428571,1e-09,14400,1,UNKNOWN,CONDITIONAL,,3624,1.0090947741882639,2.0481776223452517,3625,14468,22675,51611,45611,86.01833333333333,1.6608010203716737e-10,1.6648835356863007e-10,1.6561641056724805e-10,9.968334238160103e-10
0.1,0.2,0.18000000000000002,0.7200000000000001,0.28,0.5,0,0.6428571428571429,0.3571428571428571,1e-09,14400,256,UNKNOWN,CONDITIONAL,,4237,1.0090947741882639,2.0481776223452517,4238,16919,26515,60353,54353,100.58833333333334,1.6529810322830201e-10,1.6407131801659894e-10,1.6268462786881408e-10,9.86721573586918e-10
0.1,0.2,0.18000000000000002,0.7200000000000001,0.28,0.5,0,0.6428571428571429,0.3571428571428571,1e-12,14400,1,UNKNOWN,CONDITIONAL,,4387,1.0090947741882639,2.0481776223452517,4388,17519,27454,62492,56492,104.15333333333334,1.6604826450959798e-13,1.6279833665216948e-13,1.654513761343784e-13,9.891928429675113e-13
0.1,0.2,0.18000000000000002,0.7200000000000001,0.28,0.5,0,0.6428571428571429,0.3571428571428571,1e-12,14400,256,UNKNOWN,CONDITIONAL,,5000,1.0090947741882639,2.0481776223452517,5001,19970,31293,71233,65233,118.72166666666666,1.652664156097725e-13,1.6040383470693838e-13,1.664942673244835e-13,9.831011835676777e-13
0.1,0.2,0.18000000000000002,0.7200000000000001,0.28,1.0,1,0.46285714285714286,0.5371428571428571,1e-06,14400,1,UNKNOWN,NO_CERTIFICATE,DELAY_REDUCTION_LOOSE,,,,,,,,,,,,,
0.1,0.2,0.18000000000000002,0.7200000000000001,0.28,1.0,1,0.46285714285714286,0.5371428571428571,1e-06,14400,256,UNKNOWN,NO_CERTIFICATE,DELAY_REDUCTION_LOOSE,,,,,,,,,,,,,
0.1,0.2,0.18000000000000002,0.7200000000000001,0.28,1.0,1,0.46285714285714286,0.5371428571428571,1e-09,14400,1,UNKNOWN,NO_CERTIFICATE,DELAY_REDUCTION_LOOSE,,,,,,,,,,,,,
0.1,0.2,0.18000000000000002,0.7200000000000001,0.28,1.0,1,0.46285714285714286,0.5371428571428571,1e-09,14400,256,UNKNOWN,NO_CERTIFICATE,DELAY_REDUCTION_LOOSE,,,,,,,,,,,,,
0.1,0.2,0.18000000000000002,0.7200000000000001,0.28,1.0,1,0.46285714285714286,0.5371428571428571,1e-12,14400,1,UNKNOWN,NO_CERTIFICATE,DELAY_REDUCTION_LOOSE,,,,,,,,,,,,,
0.1,0.2,0.18000000000000002,0.7200000000000001,0.28,1.0,1,0.46285714285714286,0.5371428571428571,1e-12,14400,256,UNKNOWN,NO_CERTIFICATE,DELAY_REDUCTION_LOOSE,,,,,,,,,,,,,
0.1,0.2,0.18000000000000002,0.7200000000000001,0.28,2.0,2,0.33325714285714286,0.6667428571428571,1e-06,14400,1,UNKNOWN,NO_CERTIFICATE,DELAY_REDUCTION_LOOSE,,,,,,,,,,,,,
0.1,0.2,0.18000000000000002,0.7200000000000001,0.28,2.0,2,0.33325714285714286,0.6667428571428571,1e-06,14400,256,UNKNOWN,NO_CERTIFICATE,DELAY_REDUCTION_LOOSE,,,,,,,,,,,,,
0.1,0.2,0.18000000000000002,0.7200000000000001,0.28,2.0,2,0.33325714285714286,0.6667428571428571,1e-09,14400,1,UNKNOWN,NO_CERTIFICATE,DELAY_REDUCTION_LOOSE,,,,,,,,,,,,,
0.1,0.2,0.18000000000000002,0.7200000000000001,0.28,2.0,2,0.33325714285714286,0.6667428571428571,1e-09,14400,256,UNKNOWN,NO_CERTIFICATE,DELAY_REDUCTION_LOOSE,,,,,,,,,,,,,
0.1,0.2,0.18000000000000002,0.7200000000000001,0.28,2.0,2,0.33325714285714286,0.6667428571428571,1e-12,14400,1,UNKNOWN,NO_CERTIFICATE,DELAY_REDUCTION_LOOSE,,,,,,,,,,,,,
0.1,0.2,0.18000000000000002,0.7200000000000001,0.28,2.0,2,0.33325714285714286,0.6667428571428571,1e-12,14400,256,UNKNOWN,NO_CERTIFICATE,DELAY_REDUCTION_LOOSE,,,,,,,,,,,,,
0.2,1.0,0.8,0.0,1.0,0.0,0,0.8,0.19999999999999996,1e-06,14400,1,UNKNOWN,CONDITIONAL,,328,1.0821682642396966,2.034621586220354,329,329,496,1154,1,1.9233333333333333,1.65254704033646e-07,0.0,1.4281963547788387e-07,6.385837475788218e-07
0.2,1.0,0.8,0.0,1.0,0.0,0,0.8,0.19999999999999996,1e-06,14400,256,UNKNOWN,CONDITIONAL,,398,1.0822085423163823,2.0414607711734702,399,399,602,1400,1,2.3333333333333335,1.662579195729182e-07,0.0,1.3055786779688705e-07,6.293316265156417e-07
0.2,1.0,0.8,0.0,1.0,0.0,0,0.8,0.19999999999999996,1e-09,14400,1,UNKNOWN,CONDITIONAL,,415,1.082289098469754,2.0566979628287925,416,416,628,1460,1,2.433333333333333,1.656037485870437e-10,0.0,1.134447417600593e-10,6.102559875211904e-10
0.2,1.0,0.8,0.0,1.0,0.0,0,0.8,0.19999999999999996,1e-09,14400,256,UNKNOWN,CONDITIONAL,,485,1.0823293765464397,2.0653599650330365,486,486,734,1706,1,2.8433333333333333,1.6491752127410263e-10,0.0,1.0361898460374535e-10,5.983715484260533e-10
0.2,1.0,0.8,0.0,1.0,0.0,0,0.8,0.19999999999999996,1e-12,14400,1,UNKNOWN,CONDITIONAL,,502,1.0823696546231256,2.0750081376116145,503,503,759,1765,1,2.941666666666667,1.6551111058949822e-13,0.0,1.5194455470812657e-13,6.484778864766211e-13
0.2,1.0,0.8,0.0,1.0,0.0,0,0.8,0.19999999999999996,1e-12,14400,256,UNKNOWN,CONDITIONAL,,572,1.0823696546231256,2.0750081376116145,573,573,865,2011,1,3.3516666666666666,1.6625494371974e-13,0.0,1.3882436143681838e-13,6.375891925960384e-13
0.2,1.0,0.8,0.0,1.0,0.5,0,0.8,0.19999999999999996,1e-06,14400,1,UNKNOWN,CONDITIONAL,,328,1.0821682642396966,2.034621586220354,329,329,496,1154,1,1.9233333333333333,1.65254704033646e-07,0.0,1.4281963547788387e-07,6.385837475788218e-07
0.2,1.0,0.8,0.0,1.0,0.5,0,0.8,0.19999999999999996,1e-06,14400,256,UNKNOWN,CONDITIONAL,,398,1.0822085423163823,2.0414607711734702,399,399,602,1400,1,2.3333333333333335,1.662579195729182e-07,0.0,1.3055786779688705e-07,6.293316265156417e-07
0.2,1.0,0.8,0.0,1.0,0.5,0,0.8,0.19999999999999996,1e-09,14400,1,UNKNOWN,CONDITIONAL,,415,1.082289098469754,2.0566979628287925,416,416,628,1460,1,2.433333333333333,1.656037485870437e-10,0.0,1.134447417600593e-10,6.102559875211904e-10
0.2,1.0,0.8,0.0,1.0,0.5,0,0.8,0.19999999999999996,1e-09,14400,256,UNKNOWN,CONDITIONAL,,485,1.0823293765464397,2.0653599650330365,486,486,734,1706,1,2.8433333333333333,1.6491752127410263e-10,0.0,1.0361898460374535e-10,5.983715484260533e-10
0.2,1.0,0.8,0.0,1.0,0.5,0,0.8,0.19999999999999996,1e-12,14400,1,UNKNOWN,CONDITIONAL,,502,1.0823696546231256,2.0750081376116145,503,503,759,1765,1,2.941666666666667,1.6551111058949822e-13,0.0,1.5194455470812657e-13,6.484778864766211e-13
0.2,1.0,0.8,0.0,1.0,0.5,0,0.8,0.19999999999999996,1e-12,14400,256,UNKNOWN,CONDITIONAL,,572,1.0823696546231256,2.0750081376116145,573,573,865,2011,1,3.3516666666666666,1.6625494371974e-13,0.0,1.3882436143681838e-13,6.375891925960384e-13
0.2,1.0,0.8,0.0,1.0,1.0,1,0.0,1.0,1e-06,14400,1,UNKNOWN,NO_CERTIFICATE,DELAY_REDUCTION_LOOSE,,,,,,,,,,,,,
0.2,1.0,0.8,0.0,1.0,1.0,1,0.0,1.0,1e-06,14400,256,UNKNOWN,NO_CERTIFICATE,DELAY_REDUCTION_LOOSE,,,,,,,,,,,,,
0.2,1.0,0.8,0.0,1.0,1.0,1,0.0,1.0,1e-09,14400,1,UNKNOWN,NO_CERTIFICATE,DELAY_REDUCTION_LOOSE,,,,,,,,,,,,,
0.2,1.0,0.8,0.0,1.0,1.0,1,0.0,1.0,1e-09,14400,256,UNKNOWN,NO_CERTIFICATE,DELAY_REDUCTION_LOOSE,,,,,,,,,,,,,
0.2,1.0,0.8,0.0,1.0,1.0,1,0.0,1.0,1e-12,14400,1,UNKNOWN,NO_CERTIFICATE,DELAY_REDUCTION_LOOSE,,,,,,,,,,,,,
0.2,1.0,0.8,0.0,1.0,1.0,1,0.0,1.0,1e-12,14400,256,UNKNOWN,NO_CERTIFICATE,DELAY_REDUCTION_LOOSE,,,,,,,,,,,,,
0.2,1.0,0.8,0.0,1.0,2.0,2,0.0,1.0,1e-06,14400,1,UNKNOWN,NO_CERTIFICATE,DELAY_REDUCTION_LOOSE,,,,,,,,,,,,,
0.2,1.0,0.8,0.0,1.0,2.0,2,0.0,1.0,1e-06,14400,256,UNKNOWN,NO_CERTIFICATE,DELAY_REDUCTION_LOOSE,,,,,,,,,,,,,
0.2,1.0,0.8,0.0,1.0,2.0,2,0.0,1.0,1e-09,14400,1,UNKNOWN,NO_CERTIFICATE,DELAY_REDUCTION_LOOSE,,,,,,,,,,,,,
0.2,1.0,0.8,0.0,1.0,2.0,2,0.0,1.0,1e-09,14400,256,UNKNOWN,NO_CERTIFICATE,DELAY_REDUCTION_LOOSE,,,,,,,,,,,,,
0.2,1.0,0.8,0.0,1.0,2.0,2,0.0,1.0,1e-12,14400,1,UNKNOWN,NO_CERTIFICATE,DELAY_REDUCTION_LOOSE,,,,,,,,,,,,,
0.2,1.0,0.8,0.0,1.0,2.0,2,0.0,1.0,1e-12,14400,256,UNKNOWN,NO_CERTIFICATE,DELAY_REDUCTION_LOOSE,,,,,,,,,,,,,
0.2,0.7,0.5599999999999999,0.24000000000000005,0.76,0.0,0,0.7368421052631579,0.26315789473684215,1e-06,14400,1,UNKNOWN,CONDITIONAL,,670,1.0394281213017675,2.055182680344369,671,1014,1438,3466,1,5.776666666666666,1.655477105756366e-07,1.2927483597893576e-07,1.618655514952734e-07,9.170583551800547e-07
0.2,0.7,0.5599999999999999,0.24000000000000005,0.76,0.0,0,0.7368421052631579,0.26315789473684215,1e-06,14400,256,UNKNOWN,CONDITIONAL,,813,1.0394666625028424,2.0866077724088603,814,1231,1746,4208,1,7.013333333333334,1.655974625107041e-07,1.2236126819652981e-07,1.4285550181768287e-07,8.843704257428548e-07
0.2,0.7,0.5599999999999999,0.24000000000000005,0.76,0.0,0,0.7368421052631579,0.26315789473684215,1e-09,14400,1,UNKNOWN,CONDITIONAL,,849,1.0394088507012302,2.0438526752316317,850,1285,1823,4393,1,7.321666666666666,1.6487298487389066e-10,1.4524077934794057e-10,1.4854436726168004e-10,9.336448805792331e-10
0.2,0.7,0.5599999999999999,0.24000000000000005,0.76,0.0,0,0.7368421052631579,0.26315789473684215,1e-09,14400,256,UNKNOWN,CONDITIONAL,,992,1.0394281213017675,2.055182680344369,993,1502,2130,5134,1,8.556666666666667,1.6570907086088376e-10,1.3748120591257294e-10,1.589679808407384e-10,9.310576052485357e-10
0.2,0.7,0.5599999999999999,0.24000000000000005,0.76,0.0,0,0.7368421052631579,0.26315789473684215,1e-12,14400,1,UNKNOWN,CONDITIONAL,,1027,1.039447391902305,2.0687491688655637,1028,1555,2206,5316,1,8.86,1.6515379956887437e-13,1.4178066876430235e-13,1.375890943165583e-13,9.166118305517862e-13
0.2,0.7,0.5599999999999999,0.24000000000000005,0.76,0.0,0,0.7368421052631579,0.26315789473684215,1e-12,14400,256,UNKNOWN,CONDITIONAL,,1170,1.0394666625028424,2.0866077724088603,1171,1772,2513,6057,57,10.095,1.6507521079625707e-13,1.3417757119412719e-13,1.4723036260527683e-13,9.108111373823025e-13
0.2,0.7,0.5599999999999999,0.24000000000000005,0.76,0.5,0,0.7368421052631579,0.26315789473684215,1e-06,14400,1,UNKNOWN,CONDITIONAL,,670,1.0394281213017675,2.055182680344369,671,1014,1438,3466,1,5.776666666666666,1.655477105756366e-07,1.2927483597893576e-07,1.618655514952734e-07,9.170583551800547e-07
0.2,0.7,0.5599999999999999,0.24000000000000005,0.76,0.5,0,0.7368421052631579,0.26315789473684215,1e-06,14400,256,UNKNOWN,CONDITIONAL,,813,1.0394666625028424,2.0866077724088603,814,1231,1746,4208,1,7.013333333333334,1.655974625107041e-07,1.2236126819652981e-07,1.4285550181768287e-07,8.843704257428548e-07
0.2,0.7,0.5599999999999999,0.24000000000000005,0.76,0.5,0,0.7368421052631579,0.26315789473684215,1e-09,14400,1,UNKNOWN,CONDITIONAL,,849,1.0394088507012302,2.0438526752316317,850,1285,1823,4393,1,7.321666666666666,1.6487298487389066e-10,1.4524077934794057e-10,1.4854436726168004e-10,9.336448805792331e-10
0.2,0.7,0.5599999999999999,0.24000000000000005,0.76,0.5,0,0.7368421052631579,0.26315789473684215,1e-09,14400,256,UNKNOWN,CONDITIONAL,,992,1.0394281213017675,2.055182680344369,993,1502,2130,5134,1,8.556666666666667,1.6570907086088376e-10,1.3748120591257294e-10,1.589679808407384e-10,9.310576052485357e-10
0.2,0.7,0.5599999999999999,0.24000000000000005,0.76,0.5,0,0.7368421052631579,0.26315789473684215,1e-12,14400,1,UNKNOWN,CONDITIONAL,,1027,1.039447391902305,2.0687491688655637,1028,1555,2206,5316,1,8.86,1.6515379956887437e-13,1.4178066876430235e-13,1.375890943165583e-13,9.166118305517862e-13
0.2,0.7,0.5599999999999999,0.24000000000000005,0.76,0.5,0,0.7368421052631579,0.26315789473684215,1e-12,14400,256,UNKNOWN,CONDITIONAL,,1170,1.0394666625028424,2.0866077724088603,1171,1772,2513,6057,57,10.095,1.6507521079625707e-13,1.3417757119412719e-13,1.4723036260527683e-13,9.108111373823025e-13
0.2,0.7,0.5599999999999999,0.24000000000000005,0.76,1.0,1,0.17684210526315788,0.8231578947368421,1e-06,14400,1,UNKNOWN,NO_CERTIFICATE,DELAY_REDUCTION_LOOSE,,,,,,,,,,,,,
0.2,0.7,0.5599999999999999,0.24000000000000005,0.76,1.0,1,0.17684210526315788,0.8231578947368421,1e-06,14400,256,UNKNOWN,NO_CERTIFICATE,DELAY_REDUCTION_LOOSE,,,,,,,,,,,,,
0.2,0.7,0.5599999999999999,0.24000000000000005,0.76,1.0,1,0.17684210526315788,0.8231578947368421,1e-09,14400,1,UNKNOWN,NO_CERTIFICATE,DELAY_REDUCTION_LOOSE,,,,,,,,,,,,,
0.2,0.7,0.5599999999999999,0.24000000000000005,0.76,1.0,1,0.17684210526315788,0.8231578947368421,1e-09,14400,256,UNKNOWN,NO_CERTIFICATE,DELAY_REDUCTION_LOOSE,,,,,,,,,,,,,
0.2,0.7,0.5599999999999999,0.24000000000000005,0.76,1.0,1,0.17684210526315788,0.8231578947368421,1e-12,14400,1,UNKNOWN,NO_CERTIFICATE,DELAY_REDUCTION_LOOSE,,,,,,,,,,,,,
0.2,0.7,0.5599999999999999,0.24000000000000005,0.76,1.0,1,0.17684210526315788,0.8231578947368421,1e-12,14400,256,UNKNOWN,NO_CERTIFICATE,DELAY_REDUCTION_LOOSE,,,,,,,,,,,,,
0.2,0.7,0.5599999999999999,0.24000000000000005,0.76,2.0,2,0.04244210526315789,0.9575578947368422,1e-06,14400,1,UNKNOWN,NO_CERTIFICATE,DELAY_REDUCTION_LOOSE,,,,,,,,,,,,,
0.2,0.7,0.5599999999999999,0.24000000000000005,0.76,2.0,2,0.04244210526315789,0.9575578947368422,1e-06,14400,256,UNKNOWN,NO_CERTIFICATE,DELAY_REDUCTION_LOOSE,,,,,,,,,,,,,
0.2,0.7,0.5599999999999999,0.24000000000000005,0.76,2.0,2,0.04244210526315789,0.9575578947368422,1e-09,14400,1,UNKNOWN,NO_CERTIFICATE,DELAY_REDUCTION_LOOSE,,,,,,,,,,,,,
0.2,0.7,0.5599999999999999,0.24000000000000005,0.76,2.0,2,0.04244210526315789,0.9575578947368422,1e-09,14400,256,UNKNOWN,NO_CERTIFICATE,DELAY_REDUCTION_LOOSE,,,,,,,,,,,,,
0.2,0.7,0.5599999999999999,0.24000000000000005,0.76,2.0,2,0.04244210526315789,0.9575578947368422,1e-12,14400,1,UNKNOWN,NO_CERTIFICATE,DELAY_REDUCTION_LOOSE,,,,,,,,,,,,,
0.2,0.7,0.5599999999999999,0.24000000000000005,0.76,2.0,2,0.04244210526315789,0.9575578947368422,1e-12,14400,256,UNKNOWN,NO_CERTIFICATE,DELAY_REDUCTION_LOOSE,,,,,,,,,,,,,
0.2,0.4,0.32000000000000006,0.48,0.52,0.0,0,0.6153846153846155,0.38461538461538447,1e-06,14400,1,UNKNOWN,CONDITIONAL,,5248,1.0049461011510565,2.0354264564629196,5249,10801,17773,39375,33375,65.625,1.666337462581188e-07,1.5904949984168591e-07,1.6363211454561832e-07,9.816323530033466e-07
0.2,0.4,0.32000000000000006,0.48,0.52,0.0,0,0.6153846153846155,0.38461538461538447,1e-06,14400,256,UNKNOWN,CONDITIONAL,,6372,1.0049461011510565,2.0354264564629196,6373,13116,21583,47815,41815,79.69166666666666,1.6654433863530337e-07,1.6569524839383477e-07,1.63700250536454e-07,9.947237632300337e-07
0.2,0.4,0.32000000000000006,0.48,0.52,0.0,0,0.6153846153846155,0.38461538461538447,1e-09,14400,1,UNKNOWN,CONDITIONAL,,6649,1.0049461011510565,2.0354264564629196,6650,13687,22522,49896,43896,83.16,1.6586040636085956e-10,1.6118980280772643e-10,1.6271794243468496e-10,9.826787671327164e-10
0.2,0.4,0.32000000000000006,0.48,0.52,0.0,0,0.6153846153846155,0.38461538461538447,1e-09,14400,256,UNKNOWN,CONDITIONAL,,7772,1.0049461011510565,2.0354264564629196,7773,16001,26329,58331,52331,97.21833333333333,1.665913358548842e-10,1.568250037784803e-10,1.612804288028459e-10,9.74704443924459e-10
0.2,0.4,0.32000000000000006,0.48,0.52,0.0,0,0.6153846153846155,0.38461538461538447,1e-12,14400,1,UNKNOWN,CONDITIONAL,,8049,1.0049461011510565,2.0354264564629196,8050,16571,27267,60409,54409,100.68166666666667,1.6590721058129343e-13,1.6344808567233043e-13,1.6614421198847376e-13,9.90762015077015e-13
0.2,0.4,0.32000000000000006,0.48,0.52,0.0,0,0.6153846153846155,0.38461538461538447,1e-12,14400,256,UNKNOWN,CONDITIONAL,,9172,1.0049461011510565,2.0354264564629196,9173,18885,31074,68844,62844,114.74,1.666383463366309e-13,1.5899576642865633e-13,1.6465237549229138e-13,9.82558947359497e-13
0.2,0.4,0.32000000000000006,0.48,0.52,0.5,0,0.6153846153846155,0.38461538461538447,1e-06,14400,1,UNKNOWN,CONDITIONAL,,5248,1.0049461011510565,2.0354264564629196,5249,10801,17773,39375,33375,65.625,1.666337462581188e-07,1.5904949984168591e-07,1.6363211454561832e-07,9.816323530033466e-07
0.2,0.4,0.32000000000000006,0.48,0.52,0.5,0,0.6153846153846155,0.38461538461538447,1e-06,14400,256,UNKNOWN,CONDITIONAL,,6372,1.0049461011510565,2.0354264564629196,6373,13116,21583,47815,41815,79.69166666666666,1.6654433863530337e-07,1.6569524839383477e-07,1.63700250536454e-07,9.947237632300337e-07
0.2,0.4,0.32000000000000006,0.48,0.52,0.5,0,0.6153846153846155,0.38461538461538447,1e-09,14400,1,UNKNOWN,CONDITIONAL,,6649,1.0049461011510565,2.0354264564629196,6650,13687,22522,49896,43896,83.16,1.6586040636085956e-10,1.6118980280772643e-10,1.6271794243468496e-10,9.826787671327164e-10
0.2,0.4,0.32000000000000006,0.48,0.52,0.5,0,0.6153846153846155,0.38461538461538447,1e-09,14400,256,UNKNOWN,CONDITIONAL,,7772,1.0049461011510565,2.0354264564629196,7773,16001,26329,58331,52331,97.21833333333333,1.665913358548842e-10,1.568250037784803e-10,1.612804288028459e-10,9.74704443924459e-10
0.2,0.4,0.32000000000000006,0.48,0.52,0.5,0,0.6153846153846155,0.38461538461538447,1e-12,14400,1,UNKNOWN,CONDITIONAL,,8049,1.0049461011510565,2.0354264564629196,8050,16571,27267,60409,54409,100.68166666666667,1.6590721058129343e-13,1.6344808567233043e-13,1.6614421198847376e-13,9.90762015077015e-13
0.2,0.4,0.32000000000000006,0.48,0.52,0.5,0,0.6153846153846155,0.38461538461538447,1e-12,14400,256,UNKNOWN,CONDITIONAL,,9172,1.0049461011510565,2.0354264564629196,9173,18885,31074,68844,62844,114.74,1.666383463366309e-13,1.5899576642865633e-13,1.6465237549229138e-13,9.82558947359497e-13
0.2,0.4,0.32000000000000006,0.48,0.52,1.0,1,0.29538461538461547,0.7046153846153845,1e-06,14400,1,UNKNOWN,NO_CERTIFICATE,DELAY_REDUCTION_LOOSE,,,,,,,,,,,,,
0.2,0.4,0.32000000000000006,0.48,0.52,1.0,1,0.29538461538461547,0.7046153846153845,1e-06,14400,256,UNKNOWN,NO_CERTIFICATE,DELAY_REDUCTION_LOOSE,,,,,,,,,,,,,
0.2,0.4,0.32000000000000006,0.48,0.52,1.0,1,0.29538461538461547,0.7046153846153845,1e-09,14400,1,UNKNOWN,NO_CERTIFICATE,DELAY_REDUCTION_LOOSE,,,,,,,,,,,,,
0.2,0.4,0.32000000000000006,0.48,0.52,1.0,1,0.29538461538461547,0.7046153846153845,1e-09,14400,256,UNKNOWN,NO_CERTIFICATE,DELAY_REDUCTION_LOOSE,,,,,,,,,,,,,
0.2,0.4,0.32000000000000006,0.48,0.52,1.0,1,0.29538461538461547,0.7046153846153845,1e-12,14400,1,UNKNOWN,NO_CERTIFICATE,DELAY_REDUCTION_LOOSE,,,,,,,,,,,,,
0.2,0.4,0.32000000000000006,0.48,0.52,1.0,1,0.29538461538461547,0.7046153846153845,1e-12,14400,256,UNKNOWN,NO_CERTIFICATE,DELAY_REDUCTION_LOOSE,,,,,,,,,,,,,
0.2,0.4,0.32000000000000006,0.48,0.52,2.0,2,0.14178461538461543,0.8582153846153846,1e-06,14400,1,UNKNOWN,NO_CERTIFICATE,DELAY_REDUCTION_LOOSE,,,,,,,,,,,,,
0.2,0.4,0.32000000000000006,0.48,0.52,2.0,2,0.14178461538461543,0.8582153846153846,1e-06,14400,256,UNKNOWN,NO_CERTIFICATE,DELAY_REDUCTION_LOOSE,,,,,,,,,,,,,
0.2,0.4,0.32000000000000006,0.48,0.52,2.0,2,0.14178461538461543,0.8582153846153846,1e-09,14400,1,UNKNOWN,NO_CERTIFICATE,DELAY_REDUCTION_LOOSE,,,,,,,,,,,,,
0.2,0.4,0.32000000000000006,0.48,0.52,2.0,2,0.14178461538461543,0.8582153846153846,1e-09,14400,256,UNKNOWN,NO_CERTIFICATE,DELAY_REDUCTION_LOOSE,,,,,,,,,,,,,
0.2,0.4,0.32000000000000006,0.48,0.52,2.0,2,0.14178461538461543,0.8582153846153846,1e-12,14400,1,UNKNOWN,NO_CERTIFICATE,DELAY_REDUCTION_LOOSE,,,,,,,,,,,,,
0.2,0.4,0.32000000000000006,0.48,0.52,2.0,2,0.14178461538461543,0.8582153846153846,1e-12,14400,256,UNKNOWN,NO_CERTIFICATE,DELAY_REDUCTION_LOOSE,,,,,,,,,,,,,
0.2,0.2,0.16000000000000003,0.6400000000000001,0.36000000000000004,0.0,0,0.4444444444444445,0.5555555555555556,1e-06,14400,1,UNKNOWN,NO_CERTIFICATE,NO_HONEST_DRIFT,,,,,,,,,,,,,
0.2,0.2,0.16000000000000003,0.6400000000000001,0.36000000000000004,0.0,0,0.4444444444444445,0.5555555555555556,1e-06,14400,256,UNKNOWN,NO_CERTIFICATE,NO_HONEST_DRIFT,,,,,,,,,,,,,
0.2,0.2,0.16000000000000003,0.6400000000000001,0.36000000000000004,0.0,0,0.4444444444444445,0.5555555555555556,1e-09,14400,1,UNKNOWN,NO_CERTIFICATE,NO_HONEST_DRIFT,,,,,,,,,,,,,
0.2,0.2,0.16000000000000003,0.6400000000000001,0.36000000000000004,0.0,0,0.4444444444444445,0.5555555555555556,1e-09,14400,256,UNKNOWN,NO_CERTIFICATE,NO_HONEST_DRIFT,,,,,,,,,,,,,
0.2,0.2,0.16000000000000003,0.6400000000000001,0.36000000000000004,0.0,0,0.4444444444444445,0.5555555555555556,1e-12,14400,1,UNKNOWN,NO_CERTIFICATE,NO_HONEST_DRIFT,,,,,,,,,,,,,
0.2,0.2,0.16000000000000003,0.6400000000000001,0.36000000000000004,0.0,0,0.4444444444444445,0.5555555555555556,1e-12,14400,256,UNKNOWN,NO_CERTIFICATE,NO_HONEST_DRIFT,,,,,,,,,,,,,
0.2,0.2,0.16000000000000003,0.6400000000000001,0.36000000000000004,0.5,0,0.4444444444444445,0.5555555555555556,1e-06,14400,1,UNKNOWN,NO_CERTIFICATE,NO_HONEST_DRIFT,,,,,,,,,,,,,
0.2,0.2,0.16000000000000003,0.6400000000000001,0.36000000000000004,0.5,0,0.4444444444444445,0.5555555555555556,1e-06,14400,256,UNKNOWN,NO_CERTIFICATE,NO_HONEST_DRIFT,,,,,,,,,,,,,
0.2,0.2,0.16000000000000003,0.6400000000000001,0.36000000000000004,0.5,0,0.4444444444444445,0.5555555555555556,1e-09,14400,1,UNKNOWN,NO_CERTIFICATE,NO_HONEST_DRIFT,,,,,,,,,,,,,
0.2,0.2,0.16000000000000003,0.6400000000000001,0.36000000000000004,0.5,0,0.4444444444444445,0.5555555555555556,1e-09,14400,256,UNKNOWN,NO_CERTIFICATE,NO_HONEST_DRIFT,,,,,,,,,,,,,
0.2,0.2,0.16000000000000003,0.6400000000000001,0.36000000000000004,0.5,0,0.4444444444444445,0.5555555555555556,1e-12,14400,1,UNKNOWN,NO_CERTIFICATE,NO_HONEST_DRIFT,,,,,,,,,,,,,
0.2,0.2,0.16000000000000003,0.6400000000000001,0.36000000000000004,0.5,0,0.4444444444444445,0.5555555555555556,1e-12,14400,256,UNKNOWN,NO_CERTIFICATE,NO_HONEST_DRIFT,,,,,,,,,,,,,
0.2,0.2,0.16000000000000003,0.6400000000000001,0.36000000000000004,1.0,1,0.28444444444444444,0.7155555555555555,1e-06,14400,1,UNKNOWN,NO_CERTIFICATE,NO_HONEST_DRIFT,,,,,,,,,,,,,
0.2,0.2,0.16000000000000003,0.6400000000000001,0.36000000000000004,1.0,1,0.28444444444444444,0.7155555555555555,1e-06,14400,256,UNKNOWN,NO_CERTIFICATE,NO_HONEST_DRIFT,,,,,,,,,,,,,
0.2,0.2,0.16000000000000003,0.6400000000000001,0.36000000000000004,1.0,1,0.28444444444444444,0.7155555555555555,1e-09,14400,1,UNKNOWN,NO_CERTIFICATE,NO_HONEST_DRIFT,,,,,,,,,,,,,
0.2,0.2,0.16000000000000003,0.6400000000000001,0.36000000000000004,1.0,1,0.28444444444444444,0.7155555555555555,1e-09,14400,256,UNKNOWN,NO_CERTIFICATE,NO_HONEST_DRIFT,,,,,,,,,,,,,
0.2,0.2,0.16000000000000003,0.6400000000000001,0.36000000000000004,1.0,1,0.28444444444444444,0.7155555555555555,1e-12,14400,1,UNKNOWN,NO_CERTIFICATE,NO_HONEST_DRIFT,,,,,,,,,,,,,
0.2,0.2,0.16000000000000003,0.6400000000000001,0.36000000000000004,1.0,1,0.28444444444444444,0.7155555555555555,1e-12,14400,256,UNKNOWN,NO_CERTIFICATE,NO_HONEST_DRIFT,,,,,,,,,,,,,
0.2,0.2,0.16000000000000003,0.6400000000000001,0.36000000000000004,2.0,2,0.1820444444444444,0.8179555555555555,1e-06,14400,1,UNKNOWN,NO_CERTIFICATE,NO_HONEST_DRIFT,,,,,,,,,,,,,
0.2,0.2,0.16000000000000003,0.6400000000000001,0.36000000000000004,2.0,2,0.1820444444444444,0.8179555555555555,1e-06,14400,256,UNKNOWN,NO_CERTIFICATE,NO_HONEST_DRIFT,,,,,,,,,,,,,
0.2,0.2,0.16000000000000003,0.6400000000000001,0.36000000000000004,2.0,2,0.1820444444444444,0.8179555555555555,1e-09,14400,1,UNKNOWN,NO_CERTIFICATE,NO_HONEST_DRIFT,,,,,,,,,,,,,
0.2,0.2,0.16000000000000003,0.6400000000000001,0.36000000000000004,2.0,2,0.1820444444444444,0.8179555555555555,1e-09,14400,256,UNKNOWN,NO_CERTIFICATE,NO_HONEST_DRIFT,,,,,,,,,,,,,
0.2,0.2,0.16000000000000003,0.6400000000000001,0.36000000000000004,2.0,2,0.1820444444444444,0.8179555555555555,1e-12,14400,1,UNKNOWN,NO_CERTIFICATE,NO_HONEST_DRIFT,,,,,,,,,,,,,
0.2,0.2,0.16000000000000003,0.6400000000000001,0.36000000000000004,2.0,2,0.1820444444444444,0.8179555555555555,1e-12,14400,256,UNKNOWN,NO_CERTIFICATE,NO_HONEST_DRIFT,,,,,,,,,,,,,
0.25,1.0,0.75,0.0,1.0,0.0,0,0.75,0.25,1e-06,14400,1,UNKNOWN,CONDITIONAL,,571,1.046405819722123,2.049613397074922,572,572,890,2034,1,3.39,1.664373777193021e-07,0.0,1.5598441164920447e-07,6.552965448071108e-07
0.25,1.0,0.75,0.0,1.0,0.0,0,0.75,0.25,1e-06,14400,256,UNKNOWN,CONDITIONAL,,693,1.046451203842622,2.074403082651232,694,694,1081,2469,1,4.115,1.6528792343430304e-07,0.0,1.201881949794593e-07,6.160519652823684e-07
0.25,1.0,0.75,0.0,1.0,0.0,0,0.75,0.25,1e-09,14400,1,UNKNOWN,CONDITIONAL,,723,1.046451203842622,2.074403082651232,724,724,1127,2575,1,4.291666666666667,1.6536047078559849e-10,0.0,1.5927167407659597e-10,6.553530864333914e-10
0.25,1.0,0.75,0.0,1.0,0.0,0,0.75,0.25,1e-09,14400,256,UNKNOWN,CONDITIONAL,,845,1.046451203842622,2.074403082651232,846,846,1318,3010,1,5.016666666666667,1.6632436304362912e-10,0.0,1.2265227659377271e-10,6.2162536572466e-10
0.25,1.0,0.75,0.0,1.0,0.0,0,0.75,0.25,1e-12,14400,1,UNKNOWN,CONDITIONAL,,875,1.046451203842622,2.074403082651232,876,876,1364,3116,1,5.193333333333333,1.663973653038306e-13,0.0,1.6258648114067959e-13,6.617785770521714e-13
0.25,1.0,0.75,0.0,1.0,0.0,0,0.75,0.25,1e-12,14400,256,UNKNOWN,CONDITIONAL,,997,1.0464738959028714,2.092179825169658,998,998,1555,3551,1,5.918333333333333,1.6519133044190287e-13,0.0,1.2516010399475247e-13,6.20734095320461e-13
0.25,1.0,0.75,0.0,1.0,0.5,0,0.75,0.25,1e-06,14400,1,UNKNOWN,CONDITIONAL,,571,1.046405819722123,2.049613397074922,572,572,890,2034,1,3.39,1.664373777193021e-07,0.0,1.5598441164920447e-07,6.552965448071108e-07
0.25,1.0,0.75,0.0,1.0,0.5,0,0.75,0.25,1e-06,14400,256,UNKNOWN,CONDITIONAL,,693,1.046451203842622,2.074403082651232,694,694,1081,2469,1,4.115,1.6528792343430304e-07,0.0,1.201881949794593e-07,6.160519652823684e-07
0.25,1.0,0.75,0.0,1.0,0.5,0,0.75,0.25,1e-09,14400,1,UNKNOWN,CONDITIONAL,,723,1.046451203842622,2.074403082651232,724,724,1127,2575,1,4.291666666666667,1.6536047078559849e-10,0.0,1.5927167407659597e-10,6.553530864333914e-10
0.25,1.0,0.75,0.0,1.0,0.5,0,0.75,0.25,1e-09,14400,256,UNKNOWN,CONDITIONAL,,845,1.046451203842622,2.074403082651232,846,846,1318,3010,1,5.016666666666667,1.6632436304362912e-10,0.0,1.2265227659377271e-10,6.2162536572466e-10
0.25,1.0,0.75,0.0,1.0,0.5,0,0.75,0.25,1e-12,14400,1,UNKNOWN,CONDITIONAL,,875,1.046451203842622,2.074403082651232,876,876,1364,3116,1,5.193333333333333,1.663973653038306e-13,0.0,1.6258648114067959e-13,6.617785770521714e-13
0.25,1.0,0.75,0.0,1.0,0.5,0,0.75,0.25,1e-12,14400,256,UNKNOWN,CONDITIONAL,,997,1.0464738959028714,2.092179825169658,998,998,1555,3551,1,5.918333333333333,1.6519133044190287e-13,0.0,1.2516010399475247e-13,6.20734095320461e-13
0.25,1.0,0.75,0.0,1.0,1.0,1,0.0,1.0,1e-06,14400,1,UNKNOWN,NO_CERTIFICATE,DELAY_REDUCTION_LOOSE,,,,,,,,,,,,,
0.25,1.0,0.75,0.0,1.0,1.0,1,0.0,1.0,1e-06,14400,256,UNKNOWN,NO_CERTIFICATE,DELAY_REDUCTION_LOOSE,,,,,,,,,,,,,
0.25,1.0,0.75,0.0,1.0,1.0,1,0.0,1.0,1e-09,14400,1,UNKNOWN,NO_CERTIFICATE,DELAY_REDUCTION_LOOSE,,,,,,,,,,,,,
0.25,1.0,0.75,0.0,1.0,1.0,1,0.0,1.0,1e-09,14400,256,UNKNOWN,NO_CERTIFICATE,DELAY_REDUCTION_LOOSE,,,,,,,,,,,,,
0.25,1.0,0.75,0.0,1.0,1.0,1,0.0,1.0,1e-12,14400,1,UNKNOWN,NO_CERTIFICATE,DELAY_REDUCTION_LOOSE,,,,,,,,,,,,,
0.25,1.0,0.75,0.0,1.0,1.0,1,0.0,1.0,1e-12,14400,256,UNKNOWN,NO_CERTIFICATE,DELAY_REDUCTION_LOOSE,,,,,,,,,,,,,
0.25,1.0,0.75,0.0,1.0,2.0,2,0.0,1.0,1e-06,14400,1,UNKNOWN,NO_CERTIFICATE,DELAY_REDUCTION_LOOSE,,,,,,,,,,,,,
0.25,1.0,0.75,0.0,1.0,2.0,2,0.0,1.0,1e-06,14400,256,UNKNOWN,NO_CERTIFICATE,DELAY_REDUCTION_LOOSE,,,,,,,,,,,,,
0.25,1.0,0.75,0.0,1.0,2.0,2,0.0,1.0,1e-09,14400,1,UNKNOWN,NO_CERTIFICATE,DELAY_REDUCTION_LOOSE,,,,,,,,,,,,,
0.25,1.0,0.75,0.0,1.0,2.0,2,0.0,1.0,1e-09,14400,256,UNKNOWN,NO_CERTIFICATE,DELAY_REDUCTION_LOOSE,,,,,,,,,,,,,
0.25,1.0,0.75,0.0,1.0,2.0,2,0.0,1.0,1e-12,14400,1,UNKNOWN,NO_CERTIFICATE,DELAY_REDUCTION_LOOSE,,,,,,,,,,,,,
0.25,1.0,0.75,0.0,1.0,2.0,2,0.0,1.0,1e-12,14400,256,UNKNOWN,NO_CERTIFICATE,DELAY_REDUCTION_LOOSE,,,,,,,,,,,,,
0.25,0.7,0.5249999999999999,0.22500000000000003,0.7749999999999999,0.0,0,0.6774193548387096,0.32258064516129037,1e-06,14400,1,UNKNOWN,CONDITIONAL,,1544,1.0169154903054993,2.0446264954215168,1545,2176,3333,7685,1685,12.808333333333334,1.663980600668752e-07,1.5933706860170907e-07,1.6411090078951858e-07,9.819792181935624e-07
0.25,0.7,0.5249999999999999,0.22500000000000003,0.7749999999999999,0.0,0,0.6774193548387096,0.32258064516129037,1e-06,14400,256,UNKNOWN,CONDITIONAL,,1875,1.0169072268528134,2.03089897347788,1876,2643,4049,9335,3335,15.558333333333334,1.666441243122857e-07,1.6331924492532533e-07,1.5004984041534253e-07,9.766207032028503e-07
0.25,0.7,0.5249999999999999,0.22500000000000003,0.7749999999999999,0.0,0,0.6774193548387096,0.32258064516129037,1e-09,14400,1,UNKNOWN,CONDITIONAL,,1956,1.0169154903054993,2.0446264954215168,1957,2758,4224,9740,3740,16.233333333333334,1.6587646468220824e-10,1.3739534569472124e-10,1.5152495872974702e-10,9.239450441658142e-10
0.25,0.7,0.5249999999999999,0.22500000000000003,0.7749999999999999,0.0,0,0.6774193548387096,0.32258064516129037,1e-09,14400,256,UNKNOWN,CONDITIONAL,,2286,1.0169237537581854,2.0627110869730716,2287,3223,4937,11383,5383,18.971666666666668,1.6587349074704113e-10,1.665388975813237e-10,1.560161466718295e-10,9.867144140756004e-10
0.25,0.7,0.5249999999999999,0.22500000000000003,0.7749999999999999,0.0,0,0.6774193548387096,0.32258064516129037,1e-12,14400,1,UNKNOWN,CONDITIONAL,,2367,1.0169237537581854,2.0627110869730716,2368,3338,5112,11788,5788,19.64666666666667,1.6640917800959596e-13,1.4006497363738426e-13,1.5754603906185112e-13,9.369035203654076e-13
0.25,0.7,0.5249999999999999,0.22500000000000003,0.7749999999999999,0.0,0,0.6774193548387096,0.32258064516129037,1e-12,14400,256,UNKNOWN,CONDITIONAL,,2698,1.0169237537581854,2.0627110869730716,2699,3805,5827,13437,7437,22.395,1.6480087865529733e-13,1.4351794642725995e-13,1.6267911640624307e-13,9.44117645226655e-13
0.25,0.7,0.5249999999999999,0.22500000000000003,0.7749999999999999,0.5,0,0.6774193548387096,0.32258064516129037,1e-06,14400,1,UNKNOWN,CONDITIONAL,,1544,1.0169154903054993,2.0446264954215168,1545,2176,3333,7685,1685,12.808333333333334,1.663980600668752e-07,1.5933706860170907e-07,1.6411090078951858e-07,9.819792181935624e-07
0.25,0.7,0.5249999999999999,0.22500000000000003,0.7749999999999999,0.5,0,0.6774193548387096,0.32258064516129037,1e-06,14400,256,UNKNOWN,CONDITIONAL,,1875,1.0169072268528134,2.03089897347788,1876,2643,4049,9335,3335,15.558333333333334,1.666441243122857e-07,1.6331924492532533e-07,1.5004984041534253e-07,9.766207032028503e-07
0.25,0.7,0.5249999999999999,0.22500000000000003,0.7749999999999999,0.5,0,0.6774193548387096,0.32258064516129037,1e-09,14400,1,UNKNOWN,CONDITIONAL,,1956,1.0169154903054993,2.0446264954215168,1957,2758,4224,9740,3740,16.233333333333334,1.6587646468220824e-10,1.3739534569472124e-10,1.5152495872974702e-10,9.239450441658142e-10
0.25,0.7,0.5249999999999999,0.22500000000000003,0.7749999999999999,0.5,0,0.6774193548387096,0.32258064516129037,1e-09,14400,256,UNKNOWN,CONDITIONAL,,2286,1.0169237537581854,2.0627110869730716,2287,3223,4937,11383,5383,18.971666666666668,1.6587349074704113e-10,1.665388975813237e-10,1.560161466718295e-10,9.867144140756004e-10
0.25,0.7,0.5249999999999999,0.22500000000000003,0.7749999999999999,0.5,0,0.6774193548387096,0.32258064516129037,1e-12,14400,1,UNKNOWN,CONDITIONAL,,2367,1.0169237537581854,2.0627110869730716,2368,3338,5112,11788,5788,19.64666666666667,1.6640917800959596e-13,1.4006497363738426e-13,1.5754603906185112e-13,9.369035203654076e-13
0.25,0.7,0.5249999999999999,0.22500000000000003,0.7749999999999999,0.5,0,0.6774193548387096,0.32258064516129037,1e-12,14400,256,UNKNOWN,CONDITIONAL,,2698,1.0169237537581854,2.0627110869730716,2699,3805,5827,13437,7437,22.395,1.6480087865529733e-13,1.4351794642725995e-13,1.6267911640624307e-13,9.44117645226655e-13
0.25,0.7,0.5249999999999999,0.22500000000000003,0.7749999999999999,1.0,1,0.15241935483870972,0.8475806451612903,1e-06,14400,1,UNKNOWN,NO_CERTIFICATE,DELAY_REDUCTION_LOOSE,,,,,,,,,,,,,
0.25,0.7,0.5249999999999999,0.22500000000000003,0.7749999999999999,1.0,1,0.15241935483870972,0.8475806451612903,1e-06,14400,256,UNKNOWN,NO_CERTIFICATE,DELAY_REDUCTION_LOOSE,,,,,,,,,,,,,
0.25,0.7,0.5249999999999999,0.22500000000000003,0.7749999999999999,1.0,1,0.15241935483870972,0.8475806451612903,1e-09,14400,1,UNKNOWN,NO_CERTIFICATE,DELAY_REDUCTION_LOOSE,,,,,,,,,,,,,
0.25,0.7,0.5249999999999999,0.22500000000000003,0.7749999999999999,1.0,1,0.15241935483870972,0.8475806451612903,1e-09,14400,256,UNKNOWN,NO_CERTIFICATE,DELAY_REDUCTION_LOOSE,,,,,,,,,,,,,
0.25,0.7,0.5249999999999999,0.22500000000000003,0.7749999999999999,1.0,1,0.15241935483870972,0.8475806451612903,1e-12,14400,1,UNKNOWN,NO_CERTIFICATE,DELAY_REDUCTION_LOOSE,,,,,,,,,,,,,
0.25,0.7,0.5249999999999999,0.22500000000000003,0.7749999999999999,1.0,1,0.15241935483870972,0.8475806451612903,1e-12,14400,256,UNKNOWN,NO_CERTIFICATE,DELAY_REDUCTION_LOOSE,,,,,,,,,,,,,
0.25,0.7,0.5249999999999999,0.22500000000000003,0.7749999999999999,2.0,2,0.0342943548387097,0.9657056451612903,1e-06,14400,1,UNKNOWN,NO_CERTIFICATE,DELAY_REDUCTION_LOOSE,,,,,,,,,,,,,
0.25,0.7,0.5249999999999999,0.22500000000000003,0.7749999999999999,2.0,2,0.0342943548387097,0.9657056451612903,1e-06,14400,256,UNKNOWN,NO_CERTIFICATE,DELAY_REDUCTION_LOOSE,,,,,,,,,,,,,
0.25,0.7,0.5249999999999999,0.22500000000000003,0.7749999999999999,2.0,2,0.0342943548387097,0.9657056451612903,1e-09,14400,1,UNKNOWN,NO_CERTIFICATE,DELAY_REDUCTION_LOOSE,,,,,,,,,,,,,
0.25,0.7,0.5249999999999999,0.22500000000000003,0.7749999999999999,2.0,2,0.0342943548387097,0.9657056451612903,1e-09,14400,256,UNKNOWN,NO_CERTIFICATE,DELAY_REDUCTION_LOOSE,,,,,,,,,,,,,
0.25,0.7,0.5249999999999999,0.22500000000000003,0.7749999999999999,2.0,2,0.0342943548387097,0.9657056451612903,1e-12,14400,1,UNKNOWN,NO_CERTIFICATE,DELAY_REDUCTION_LOOSE,,,,,,,,,,,,,
0.25,0.7,0.5249999999999999,0.22500000000000003,0.7749999999999999,2.0,2,0.0342943548387097,0.9657056451612903,1e-12,14400,256,UNKNOWN,NO_CERTIFICATE,DELAY_REDUCTION_LOOSE,,,,,,,,,,,,,
0.25,0.4,0.30000000000000004,0.44999999999999996,0.55,0.0,0,0.5454545454545455,0.4545454545454545,1e-06,14400,1,UNKNOWN,CONDITIONAL,,76317,1.0003390708672173,1.994135474504783,76318,141171,259909,542251,536251,903.7516666666667,1.6666313417452825e-07,1.656711755049672e-07,1.6618320177968654e-07,9.975149553132056e-07
0.25,0.4,0.30000000000000004,0.44999999999999996,0.55,0.0,0,0.5454545454545455,0.4545454545454545,1e-06,14400,256,UNKNOWN,CONDITIONAL,,92674,1.0003390708672173,1.994135474504783,92675,171436,315631,658503,652503,1097.505,1.6665235663709045e-07,1.636127262185238e-07,1.657937418042685e-07,9.929762641525874e-07
0.25,0.4,0.30000000000000004,0.44999999999999996,0.55,0.0,0,0.5454545454545455,0.4545454545454545,1e-09,14400,1,UNKNOWN,CONDITIONAL,,96693,1.0003390708672173,1.994135474504783,96694,178872,329322,687066,681066,1145.11,1.6666618889970468e-10,1.6402824154868902e-10,1.659864249555255e-10,9.940414747520175e-10
0.25,0.4,0.30000000000000004,0.44999999999999996,0.55,0.0,0,0.5454545454545455,0.4545454545454545,1e-09,14400,256,UNKNOWN,CONDITIONAL,,113050,1.0003390708672173,1.994135474504783,113051,209136,385044,803316,797316,1338.86,1.6665541116472818e-10,1.6533701623893841e-10,1.6554890897321147e-10,9.96189174945273e-10
0.25,0.4,0.30000000000000004,0.44999999999999996,0.55,0.0,0,0.5454545454545455,0.4545454545454545,1e-12,14400,1,UNKNOWN,CONDITIONAL,,117070,1.0003390708672173,1.994135474504783,117071,216574,398738,831886,825886,1386.4766666666667,1.6661275015118713e-13,1.6517915524849698e-13,1.6629092466042817e-13,9.964874856109835e-13
0.25,0.4,0.30000000000000004,0.44999999999999996,0.55,0.0,0,0.5454545454545455,0.4545454545454545,1e-12,14400,256,UNKNOWN,CONDITIONAL,,133426,1.0003390708672173,1.994135474504783,133427,246837,454457,948131,942131,1580.2183333333332,1.6665846574835156e-13,1.636122587610222e-13,1.6526965866548673e-13,9.92469573432586e-13
0.25,0.4,0.30000000000000004,0.44999999999999996,0.55,0.5,0,0.5454545454545455,0.4545454545454545,1e-06,14400,1,UNKNOWN,CONDITIONAL,,76317,1.0003390708672173,1.994135474504783,76318,141171,259909,542251,536251,903.7516666666667,1.6666313417452825e-07,1.656711755049672e-07,1.6618320177968654e-07,9.975149553132056e-07
0.25,0.4,0.30000000000000004,0.44999999999999996,0.55,0.5,0,0.5454545454545455,0.4545454545454545,1e-06,14400,256,UNKNOWN,CONDITIONAL,,92674,1.0003390708672173,1.994135474504783,92675,171436,315631,658503,652503,1097.505,1.6665235663709045e-07,1.636127262185238e-07,1.657937418042685e-07,9.929762641525874e-07
0.25,0.4,0.30000000000000004,0.44999999999999996,0.55,0.5,0,0.5454545454545455,0.4545454545454545,1e-09,14400,1,UNKNOWN,CONDITIONAL,,96693,1.0003390708672173,1.994135474504783,96694,178872,329322,687066,681066,1145.11,1.6666618889970468e-10,1.6402824154868902e-10,1.659864249555255e-10,9.940414747520175e-10
0.25,0.4,0.30000000000000004,0.44999999999999996,0.55,0.5,0,0.5454545454545455,0.4545454545454545,1e-09,14400,256,UNKNOWN,CONDITIONAL,,113050,1.0003390708672173,1.994135474504783,113051,209136,385044,803316,797316,1338.86,1.6665541116472818e-10,1.6533701623893841e-10,1.6554890897321147e-10,9.96189174945273e-10
0.25,0.4,0.30000000000000004,0.44999999999999996,0.55,0.5,0,0.5454545454545455,0.4545454545454545,1e-12,14400,1,UNKNOWN,CONDITIONAL,,117070,1.0003390708672173,1.994135474504783,117071,216574,398738,831886,825886,1386.4766666666667,1.6661275015118713e-13,1.6517915524849698e-13,1.6629092466042817e-13,9.964874856109835e-13
0.25,0.4,0.30000000000000004,0.44999999999999996,0.55,0.5,0,0.5454545454545455,0.4545454545454545,1e-12,14400,256,UNKNOWN,CONDITIONAL,,133426,1.0003390708672173,1.994135474504783,133427,246837,454457,948131,942131,1580.2183333333332,1.6665846574835156e-13,1.636122587610222e-13,1.6526965866548673e-13,9.92469573432586e-13
0.25,0.4,0.30000000000000004,0.44999999999999996,0.55,1.0,1,0.24545454545454545,0.7545454545454545,1e-06,14400,1,UNKNOWN,NO_CERTIFICATE,DELAY_REDUCTION_LOOSE,,,,,,,,,,,,,
0.25,0.4,0.30000000000000004,0.44999999999999996,0.55,1.0,1,0.24545454545454545,0.7545454545454545,1e-06,14400,256,UNKNOWN,NO_CERTIFICATE,DELAY_REDUCTION_LOOSE,,,,,,,,,,,,,
0.25,0.4,0.30000000000000004,0.44999999999999996,0.55,1.0,1,0.24545454545454545,0.7545454545454545,1e-09,14400,1,UNKNOWN,NO_CERTIFICATE,DELAY_REDUCTION_LOOSE,,,,,,,,,,,,,
0.25,0.4,0.30000000000000004,0.44999999999999996,0.55,1.0,1,0.24545454545454545,0.7545454545454545,1e-09,14400,256,UNKNOWN,NO_CERTIFICATE,DELAY_REDUCTION_LOOSE,,,,,,,,,,,,,
0.25,0.4,0.30000000000000004,0.44999999999999996,0.55,1.0,1,0.24545454545454545,0.7545454545454545,1e-12,14400,1,UNKNOWN,NO_CERTIFICATE,DELAY_REDUCTION_LOOSE,,,,,,,,,,,,,
0.25,0.4,0.30000000000000004,0.44999999999999996,0.55,1.0,1,0.24545454545454545,0.7545454545454545,1e-12,14400,256,UNKNOWN,NO_CERTIFICATE,DELAY_REDUCTION_LOOSE,,,,,,,,,,,,,
0.25,0.4,0.30000000000000004,0.44999999999999996,0.55,2.0,2,0.11045454545454544,0.8895454545454545,1e-06,14400,1,UNKNOWN,NO_CERTIFICATE,DELAY_REDUCTION_LOOSE,,,,,,,,,,,,,
0.25,0.4,0.30000000000000004,0.44999999999999996,0.55,2.0,2,0.11045454545454544,0.8895454545454545,1e-06,14400,256,UNKNOWN,NO_CERTIFICATE,DELAY_REDUCTION_LOOSE,,,,,,,,,,,,,
0.25,0.4,0.30000000000000004,0.44999999999999996,0.55,2.0,2,0.11045454545454544,0.8895454545454545,1e-09,14400,1,UNKNOWN,NO_CERTIFICATE,DELAY_REDUCTION_LOOSE,,,,,,,,,,,,,
0.25,0.4,0.30000000000000004,0.44999999999999996,0.55,2.0,2,0.11045454545454544,0.8895454545454545,1e-09,14400,256,UNKNOWN,NO_CERTIFICATE,DELAY_REDUCTION_LOOSE,,,,,,,,,,,,,
0.25,0.4,0.30000000000000004,0.44999999999999996,0.55,2.0,2,0.11045454545454544,0.8895454545454545,1e-12,14400,1,UNKNOWN,NO_CERTIFICATE,DELAY_REDUCTION_LOOSE,,,,,,,,,,,,,
0.25,0.4,0.30000000000000004,0.44999999999999996,0.55,2.0,2,0.11045454545454544,0.8895454545454545,1e-12,14400,256,UNKNOWN,NO_CERTIFICATE,DELAY_REDUCTION_LOOSE,,,,,,,,,,,,,
0.25,0.2,0.15000000000000002,0.6000000000000001,0.4,0.0,0,0.37500000000000006,0.625,1e-06,14400,1,UNKNOWN,NO_CERTIFICATE,NO_HONEST_DRIFT,,,,,,,,,,,,,
0.25,0.2,0.15000000000000002,0.6000000000000001,0.4,0.0,0,0.37500000000000006,0.625,1e-06,14400,256,UNKNOWN,NO_CERTIFICATE,NO_HONEST_DRIFT,,,,,,,,,,,,,
0.25,0.2,0.15000000000000002,0.6000000000000001,0.4,0.0,0,0.37500000000000006,0.625,1e-09,14400,1,UNKNOWN,NO_CERTIFICATE,NO_HONEST_DRIFT,,,,,,,,,,,,,
0.25,0.2,0.15000000000000002,0.6000000000000001,0.4,0.0,0,0.37500000000000006,0.625,1e-09,14400,256,UNKNOWN,NO_CERTIFICATE,NO_HONEST_DRIFT,,,,,,,,,,,,,
0.25,0.2,0.15000000000000002,0.6000000000000001,0.4,0.0,0,0.37500000000000006,0.625,1e-12,14400,1,UNKNOWN,NO_CERTIFICATE,NO_HONEST_DRIFT,,,,,,,,,,,,,
0.25,0.2,0.15000000000000002,0.6000000000000001,0.4,0.0,0,0.37500000000000006,0.625,1e-12,14400,256,UNKNOWN,NO_CERTIFICATE,NO_HONEST_DRIFT,,,,,,,,,,,,,
0.25,0.2,0.15000000000000002,0.6000000000000001,0.4,0.5,0,0.37500000000000006,0.625,1e-06,14400,1,UNKNOWN,NO_CERTIFICATE,NO_HONEST_DRIFT,,,,,,,,,,,,,
0.25,0.2,0.15000000000000002,0.6000000000000001,0.4,0.5,0,0.37500000000000006,0.625,1e-06,14400,256,UNKNOWN,NO_CERTIFICATE,NO_HONEST_DRIFT,,,,,,,,,,,,,
0.25,0.2,0.15000000000000002,0.6000000000000001,0.4,0.5,0,0.37500000000000006,0.625,1e-09,14400,1,UNKNOWN,NO_CERTIFICATE,NO_HONEST_DRIFT,,,,,,,,,,,,,
0.25,0.2,0.15000000000000002,0.6000000000000001,0.4,0.5,0,0.37500000000000006,0.625,1e-09,14400,256,UNKNOWN,NO_CERTIFICATE,NO_HONEST_DRIFT,,,,,,,,,,,,,
0.25,0.2,0.15000000000000002,0.6000000000000001,0.4,0.5,0,0.37500000000000006,0.625,1e-12,14400,1,UNKNOWN,NO_CERTIFICATE,NO_HONEST_DRIFT,,,,,,,,,,,,,
0.25,0.2,0.15000000000000002,0.6000000000000001,0.4,0.5,0,0.37500000000000006,0.625,1e-12,14400,256,UNKNOWN,NO_CERTIFICATE,NO_HONEST_DRIFT,,,,,,,,,,,,,
0.25,0.2,0.15000000000000002,0.6000000000000001,0.4,1.0,1,0.22500000000000003,0.7749999999999999,1e-06,14400,1,UNKNOWN,NO_CERTIFICATE,NO_HONEST_DRIFT,,,,,,,,,,,,,
0.25,0.2,0.15000000000000002,0.6000000000000001,0.4,1.0,1,0.22500000000000003,0.7749999999999999,1e-06,14400,256,UNKNOWN,NO_CERTIFICATE,NO_HONEST_DRIFT,,,,,,,,,,,,,
0.25,0.2,0.15000000000000002,0.6000000000000001,0.4,1.0,1,0.22500000000000003,0.7749999999999999,1e-09,14400,1,UNKNOWN,NO_CERTIFICATE,NO_HONEST_DRIFT,,,,,,,,,,,,,
0.25,0.2,0.15000000000000002,0.6000000000000001,0.4,1.0,1,0.22500000000000003,0.7749999999999999,1e-09,14400,256,UNKNOWN,NO_CERTIFICATE,NO_HONEST_DRIFT,,,,,,,,,,,,,
0.25,0.2,0.15000000000000002,0.6000000000000001,0.4,1.0,1,0.22500000000000003,0.7749999999999999,1e-12,14400,1,UNKNOWN,NO_CERTIFICATE,NO_HONEST_DRIFT,,,,,,,,,,,,,
0.25,0.2,0.15000000000000002,0.6000000000000001,0.4,1.0,1,0.22500000000000003,0.7749999999999999,1e-12,14400,256,UNKNOWN,NO_CERTIFICATE,NO_HONEST_DRIFT,,,,,,,,,,,,,
0.25,0.2,0.15000000000000002,0.6000000000000001,0.4,2.0,2,0.135,0.865,1e-06,14400,1,UNKNOWN,NO_CERTIFICATE,NO_HONEST_DRIFT,,,,,,,,,,,,,
0.25,0.2,0.15000000000000002,0.6000000000000001,0.4,2.0,2,0.135,0.865,1e-06,14400,256,UNKNOWN,NO_CERTIFICATE,NO_HONEST_DRIFT,,,,,,,,,,,,,
0.25,0.2,0.15000000000000002,0.6000000000000001,0.4,2.0,2,0.135,0.865,1e-09,14400,1,UNKNOWN,NO_CERTIFICATE,NO_HONEST_DRIFT,,,,,,,,,,,,,
0.25,0.2,0.15000000000000002,0.6000000000000001,0.4,2.0,2,0.135,0.865,1e-09,14400,256,UNKNOWN,NO_CERTIFICATE,NO_HONEST_DRIFT,,,,,,,,,,,,,
0.25,0.2,0.15000000000000002,0.6000000000000001,0.4,2.0,2,0.135,0.865,1e-12,14400,1,UNKNOWN,NO_CERTIFICATE,NO_HONEST_DRIFT,,,,,,,,,,,,,
0.25,0.2,0.15000000000000002,0.6000000000000001,0.4,2.0,2,0.135,0.865,1e-12,14400,256,UNKNOWN,NO_CERTIFICATE,NO_HONEST_DRIFT,,,,,,,,,,,,,
0.3,1.0,0.7,0.0,1.0,0.0,0,0.7,0.30000000000000004,1e-06,14400,1,UNKNOWN,CONDITIONAL,,1095,1.0239368403155138,2.053722912023207,1096,1096,1766,3958,1,6.596666666666667,1.666420136476481e-07,0.0,1.3808443088174608e-07,6.380104718246904e-07
0.3,1.0,0.7,0.0,1.0,0.0,0,0.7,0.30000000000000004,1e-06,14400,256,UNKNOWN,CONDITIONAL,,1330,1.0239251468355244,2.0400360825222017,1331,1331,2145,4807,1,8.011666666666667,1.657762205624002e-07,0.0,1.4160829003711833e-07,6.389369517243189e-07
0.3,1.0,0.7,0.0,1.0,0.0,0,0.7,0.30000000000000004,1e-09,14400,1,UNKNOWN,CONDITIONAL,,1387,1.0239485337955034,2.071749206371147,1388,1388,2237,5013,1,8.355,1.6555240392799432e-10,0.0,1.425560728863887e-10,6.392132846703716e-10
0.3,1.0,0.7,0.0,1.0,0.0,0,0.7,0.30000000000000004,1e-09,14400,256,UNKNOWN,CONDITIONAL,,1622,1.0239251468355244,2.0400360825222017,1623,1623,2616,5862,1,9.77,1.6641987204111202e-10,0.0,1.461816412203904e-10,6.454412573437265e-10
0.3,1.0,0.7,0.0,1.0,0.0,0,0.7,0.30000000000000004,1e-12,14400,1,UNKNOWN,CONDITIONAL,,1679,1.0239485337955034,2.071749206371147,1680,1680,2708,6068,68,10.113333333333333,1.6509046067195702e-13,0.0,1.4715523418356237e-13,6.424266161994334e-13
0.3,1.0,0.7,0.0,1.0,0.0,0,0.7,0.30000000000000004,1e-12,14400,256,UNKNOWN,CONDITIONAL,,1913,1.0239485337955034,2.071749206371147,1914,1914,3086,6914,914,11.523333333333333,1.6629526508070125e-13,0.0,1.33707118326239e-13,6.325929135683427e-13
0.3,1.0,0.7,0.0,1.0,0.5,0,0.7,0.30000000000000004,1e-06,14400,1,UNKNOWN,CONDITIONAL,,1095,1.0239368403155138,2.053722912023207,1096,1096,1766,3958,1,6.596666666666667,1.666420136476481e-07,0.0,1.3808443088174608e-07,6.380104718246904e-07
0.3,1.0,0.7,0.0,1.0,0.5,0,0.7,0.30000000000000004,1e-06,14400,256,UNKNOWN,CONDITIONAL,,1330,1.0239251468355244,2.0400360825222017,1331,1331,2145,4807,1,8.011666666666667,1.657762205624002e-07,0.0,1.4160829003711833e-07,6.389369517243189e-07
0.3,1.0,0.7,0.0,1.0,0.5,0,0.7,0.30000000000000004,1e-09,14400,1,UNKNOWN,CONDITIONAL,,1387,1.0239485337955034,2.071749206371147,1388,1388,2237,5013,1,8.355,1.6555240392799432e-10,0.0,1.425560728863887e-10,6.392132846703716e-10
0.3,1.0,0.7,0.0,1.0,0.5,0,0.7,0.30000000000000004,1e-09,14400,256,UNKNOWN,CONDITIONAL,,1622,1.0239251468355244,2.0400360825222017,1623,1623,2616,5862,1,9.77,1.6641987204111202e-10,0.0,1.461816412203904e-10,6.454412573437265e-10
0.3,1.0,0.7,0.0,1.0,0.5,0,0.7,0.30000000000000004,1e-12,14400,1,UNKNOWN,CONDITIONAL,,1679,1.0239485337955034,2.071749206371147,1680,1680,2708,6068,68,10.113333333333333,1.6509046067195702e-13,0.0,1.4715523418356237e-13,6.424266161994334e-13
0.3,1.0,0.7,0.0,1.0,0.5,0,0.7,0.30000000000000004,1e-12,14400,256,UNKNOWN,CONDITIONAL,,1913,1.0239485337955034,2.071749206371147,1914,1914,3086,6914,914,11.523333333333333,1.6629526508070125e-13,0.0,1.33707118326239e-13,6.325929135683427e-13
0.3,1.0,0.7,0.0,1.0,1.0,1,0.0,1.0,1e-06,14400,1,UNKNOWN,NO_CERTIFICATE,DELAY_REDUCTION_LOOSE,,,,,,,,,,,,,
0.3,1.0,0.7,0.0,1.0,1.0,1,0.0,1.0,1e-06,14400,256,UNKNOWN,NO_CERTIFICATE,DELAY_REDUCTION_LOOSE,,,,,,,,,,,,,
0.3,1.0,0.7,0.0,1.0,1.0,1,0.0,1.0,1e-09,14400,1,UNKNOWN,NO_CERTIFICATE,DELAY_REDUCTION_LOOSE,,,,,,,,,,,,,
0.3,1.0,0.7,0.0,1.0,1.0,1,0.0,1.0,1e-09,14400,256,UNKNOWN,NO_CERTIFICATE,DELAY_REDUCTION_LOOSE,,,,,,,,,,,,,
0.3,1.0,0.7,0.0,1.0,1.0,1,0.0,1.0,1e-12,14400,1,UNKNOWN,NO_CERTIFICATE,DELAY_REDUCTION_LOOSE,,,,,,,,,,,,,
0.3,1.0,0.7,0.0,1.0,1.0,1,0.0,1.0,1e-12,14400,256,UNKNOWN,NO_CERTIFICATE,DELAY_REDUCTION_LOOSE,,,,,,,,,,,,,
0.3,1.0,0.7,0.0,1.0,2.0,2,0.0,1.0,1e-06,14400,1,UNKNOWN,NO_CERTIFICATE,DELAY_REDUCTION_LOOSE,,,,,,,,,,,,,
0.3,1.0,0.7,0.0,1.0,2.0,2,0.0,1.0,1e-06,14400,256,UNKNOWN,NO_CERTIFICATE,DELAY_REDUCTION_LOOSE,,,,,,,,,,,,,
0.3,1.0,0.7,0.0,1.0,2.0,2,0.0,1.0,1e-09,14400,1,UNKNOWN,NO_CERTIFICATE,DELAY_REDUCTION_LOOSE,,,,,,,,,,,,,
0.3,1.0,0.7,0.0,1.0,2.0,2,0.0,1.0,1e-09,14400,256,UNKNOWN,NO_CERTIFICATE,DELAY_REDUCTION_LOOSE,,,,,,,,,,,,,
0.3,1.0,0.7,0.0,1.0,2.0,2,0.0,1.0,1e-12,14400,1,UNKNOWN,NO_CERTIFICATE,DELAY_REDUCTION_LOOSE,,,,,,,,,,,,,
0.3,1.0,0.7,0.0,1.0,2.0,2,0.0,1.0,1e-12,14400,256,UNKNOWN,NO_CERTIFICATE,DELAY_REDUCTION_LOOSE,,,,,,,,,,,,,
0.3,0.7,0.48999999999999994,0.21000000000000002,0.7899999999999999,0.0,0,0.620253164556962,0.379746835443038,1e-06,14400,1,UNKNOWN,CONDITIONAL,,4667,1.0055619307293313,2.019713274077795,4668,6202,10260,22664,16664,37.77333333333333,1.6659981278140013e-07,1.4986145997328826e-07,1.5835828765167674e-07,9.578806459424535e-07
0.3,0.7,0.48999999999999994,0.21000000000000002,0.7899999999999999,0.0,0,0.620253164556962,0.379746835443038,1e-06,14400,256,UNKNOWN,CONDITIONAL,,5666,1.0055646478099831,2.037790014980117,5667,7530,12458,27518,21518,45.86333333333334,1.6623439228850908e-07,1.6116238607534927e-07,1.5757460712172783e-07,9.786025561379535e-07
0.3,0.7,0.48999999999999994,0.21000000000000002,0.7899999999999999,0.0,0,0.620253164556962,0.379746835443038,1e-09,14400,1,UNKNOWN,CONDITIONAL,,5912,1.0055646478099831,2.037790014980117,5913,7857,12999,28713,22713,47.855,1.6581420742261958e-10,1.6400213697791683e-10,1.5954645532363696e-10,9.849933515473292e-10
0.3,0.7,0.48999999999999994,0.21000000000000002,0.7899999999999999,0.0,0,0.620253164556962,0.379746835443038,1e-09,14400,256,UNKNOWN,CONDITIONAL,,6911,1.0055646478099831,2.037790014980117,6912,9186,15197,33569,27569,55.94833333333333,1.6606383128777762e-10,1.495528432534402e-10,1.5871626644866832e-10,9.560134468188817e-10
0.3,0.7,0.48999999999999994,0.21000000000000002,0.7899999999999999,0.0,0,0.620253164556962,0.379746835443038,1e-12,14400,1,UNKNOWN,CONDITIONAL,,7156,1.0055646478099831,2.037790014980117,7157,9512,15736,34760,28760,57.93333333333333,1.665658284963072e-13,1.4492333256182266e-13,1.5945109808489563e-13,9.489952486974625e-13
0.3,0.7,0.48999999999999994,0.21000000000000002,0.7899999999999999,0.0,0,0.620253164556962,0.379746835443038,1e-12,14400,256,UNKNOWN,CONDITIONAL,,8156,1.0055646478099831,2.037790014980117,8157,10841,17936,39618,33618,66.03,1.6589344528726464e-13,1.636443351499376e-13,1.5984019558251011e-13,9.848092017441793e-13
0.3,0.7,0.48999999999999994,0.21000000000000002,0.7899999999999999,0.5,0,0.620253164556962,0.379746835443038,1e-06,14400,1,UNKNOWN,CONDITIONAL,,4667,1.0055619307293313,2.019713274077795,4668,6202,10260,22664,16664,37.77333333333333,1.6659981278140013e-07,1.4986145997328826e-07,1.5835828765167674e-07,9.578806459424535e-07
0.3,0.7,0.48999999999999994,0.21000000000000002,0.7899999999999999,0.5,0,0.620253164556962,0.379746835443038,1e-06,14400,256,UNKNOWN,CONDITIONAL,,5666,1.0055646478099831,2.037790014980117,5667,7530,12458,27518,21518,45.86333333333334,1.6623439228850908e-07,1.6116238607534927e-07,1.5757460712172783e-07,9.786025561379535e-07
0.3,0.7,0.48999999999999994,0.21000000000000002,0.7899999999999999,0.5,0,0.620253164556962,0.379746835443038,1e-09,14400,1,UNKNOWN,CONDITIONAL,,5912,1.0055646478099831,2.037790014980117,5913,7857,12999,28713,22713,47.855,1.6581420742261958e-10,1.6400213697791683e-10,1.5954645532363696e-10,9.849933515473292e-10
0.3,0.7,0.48999999999999994,0.21000000000000002,0.7899999999999999,0.5,0,0.620253164556962,0.379746835443038,1e-09,14400,256,UNKNOWN,CONDITIONAL,,6911,1.0055646478099831,2.037790014980117,6912,9186,15197,33569,27569,55.94833333333333,1.6606383128777762e-10,1.495528432534402e-10,1.5871626644866832e-10,9.560134468188817e-10
0.3,0.7,0.48999999999999994,0.21000000000000002,0.7899999999999999,0.5,0,0.620253164556962,0.379746835443038,1e-12,14400,1,UNKNOWN,CONDITIONAL,,7156,1.0055646478099831,2.037790014980117,7157,9512,15736,34760,28760,57.93333333333333,1.665658284963072e-13,1.4492333256182266e-13,1.5945109808489563e-13,9.489952486974625e-13
0.3,0.7,0.48999999999999994,0.21000000000000002,0.7899999999999999,0.5,0,0.620253164556962,0.379746835443038,1e-12,14400,256,UNKNOWN,CONDITIONAL,,8156,1.0055646478099831,2.037790014980117,8157,10841,17936,39618,33618,66.03,1.6589344528726464e-13,1.636443351499376e-13,1.5984019558251011e-13,9.848092017441793e-13
0.3,0.7,0.48999999999999994,0.21000000000000002,0.7899999999999999,1.0,1,0.13025316455696206,0.869746835443038,1e-06,14400,1,UNKNOWN,NO_CERTIFICATE,DELAY_REDUCTION_LOOSE,,,,,,,,,,,,,
0.3,0.7,0.48999999999999994,0.21000000000000002,0.7899999999999999,1.0,1,0.13025316455696206,0.869746835443038,1e-06,14400,256,UNKNOWN,NO_CERTIFICATE,DELAY_REDUCTION_LOOSE,,,,,,,,,,,,,
0.3,0.7,0.48999999999999994,0.21000000000000002,0.7899999999999999,1.0,1,0.13025316455696206,0.869746835443038,1e-09,14400,1,UNKNOWN,NO_CERTIFICATE,DELAY_REDUCTION_LOOSE,,,,,,,,,,,,,
0.3,0.7,0.48999999999999994,0.21000000000000002,0.7899999999999999,1.0,1,0.13025316455696206,0.869746835443038,1e-09,14400,256,UNKNOWN,NO_CERTIFICATE,DELAY_REDUCTION_LOOSE,,,,,,,,,,,,,
0.3,0.7,0.48999999999999994,0.21000000000000002,0.7899999999999999,1.0,1,0.13025316455696206,0.869746835443038,1e-12,14400,1,UNKNOWN,NO_CERTIFICATE,DELAY_REDUCTION_LOOSE,,,,,,,,,,,,,
0.3,0.7,0.48999999999999994,0.21000000000000002,0.7899999999999999,1.0,1,0.13025316455696206,0.869746835443038,1e-12,14400,256,UNKNOWN,NO_CERTIFICATE,DELAY_REDUCTION_LOOSE,,,,,,,,,,,,,
0.3,0.7,0.48999999999999994,0.21000000000000002,0.7899999999999999,2.0,2,0.027353164556962045,0.972646835443038,1e-06,14400,1,UNKNOWN,NO_CERTIFICATE,DELAY_REDUCTION_LOOSE,,,,,,,,,,,,,
0.3,0.7,0.48999999999999994,0.21000000000000002,0.7899999999999999,2.0,2,0.027353164556962045,0.972646835443038,1e-06,14400,256,UNKNOWN,NO_CERTIFICATE,DELAY_REDUCTION_LOOSE,,,,,,,,,,,,,
0.3,0.7,0.48999999999999994,0.21000000000000002,0.7899999999999999,2.0,2,0.027353164556962045,0.972646835443038,1e-09,14400,1,UNKNOWN,NO_CERTIFICATE,DELAY_REDUCTION_LOOSE,,,,,,,,,,,,,
0.3,0.7,0.48999999999999994,0.21000000000000002,0.7899999999999999,2.0,2,0.027353164556962045,0.972646835443038,1e-09,14400,256,UNKNOWN,NO_CERTIFICATE,DELAY_REDUCTION_LOOSE,,,,,,,,,,,,,
0.3,0.7,0.48999999999999994,0.21000000000000002,0.7899999999999999,2.0,2,0.027353164556962045,0.972646835443038,1e-12,14400,1,UNKNOWN,NO_CERTIFICATE,DELAY_REDUCTION_LOOSE,,,,,,,,,,,,,
0.3,0.7,0.48999999999999994,0.21000000000000002,0.7899999999999999,2.0,2,0.027353164556962045,0.972646835443038,1e-12,14400,256,UNKNOWN,NO_CERTIFICATE,DELAY_REDUCTION_LOOSE,,,,,,,,,,,,,
0.3,0.4,0.27999999999999997,0.42,0.58,0.0,0,0.48275862068965514,0.5172413793103449,1e-06,14400,1,UNKNOWN,NO_CERTIFICATE,NO_HONEST_DRIFT,,,,,,,,,,,,,
0.3,0.4,0.27999999999999997,0.42,0.58,0.0,0,0.48275862068965514,0.5172413793103449,1e-06,14400,256,UNKNOWN,NO_CERTIFICATE,NO_HONEST_DRIFT,,,,,,,,,,,,,
0.3,0.4,0.27999999999999997,0.42,0.58,0.0,0,0.48275862068965514,0.5172413793103449,1e-09,14400,1,UNKNOWN,NO_CERTIFICATE,NO_HONEST_DRIFT,,,,,,,,,,,,,
0.3,0.4,0.27999999999999997,0.42,0.58,0.0,0,0.48275862068965514,0.5172413793103449,1e-09,14400,256,UNKNOWN,NO_CERTIFICATE,NO_HONEST_DRIFT,,,,,,,,,,,,,
0.3,0.4,0.27999999999999997,0.42,0.58,0.0,0,0.48275862068965514,0.5172413793103449,1e-12,14400,1,UNKNOWN,NO_CERTIFICATE,NO_HONEST_DRIFT,,,,,,,,,,,,,
0.3,0.4,0.27999999999999997,0.42,0.58,0.0,0,0.48275862068965514,0.5172413793103449,1e-12,14400,256,UNKNOWN,NO_CERTIFICATE,NO_HONEST_DRIFT,,,,,,,,,,,,,
0.3,0.4,0.27999999999999997,0.42,0.58,0.5,0,0.48275862068965514,0.5172413793103449,1e-06,14400,1,UNKNOWN,NO_CERTIFICATE,NO_HONEST_DRIFT,,,,,,,,,,,,,
0.3,0.4,0.27999999999999997,0.42,0.58,0.5,0,0.48275862068965514,0.5172413793103449,1e-06,14400,256,UNKNOWN,NO_CERTIFICATE,NO_HONEST_DRIFT,,,,,,,,,,,,,
0.3,0.4,0.27999999999999997,0.42,0.58,0.5,0,0.48275862068965514,0.5172413793103449,1e-09,14400,1,UNKNOWN,NO_CERTIFICATE,NO_HONEST_DRIFT,,,,,,,,,,,,,
0.3,0.4,0.27999999999999997,0.42,0.58,0.5,0,0.48275862068965514,0.5172413793103449,1e-09,14400,256,UNKNOWN,NO_CERTIFICATE,NO_HONEST_DRIFT,,,,,,,,,,,,,
0.3,0.4,0.27999999999999997,0.42,0.58,0.5,0,0.48275862068965514,0.5172413793103449,1e-12,14400,1,UNKNOWN,NO_CERTIFICATE,NO_HONEST_DRIFT,,,,,,,,,,,,,
0.3,0.4,0.27999999999999997,0.42,0.58,0.5,0,0.48275862068965514,0.5172413793103449,1e-12,14400,256,UNKNOWN,NO_CERTIFICATE,NO_HONEST_DRIFT,,,,,,,,,,,,,
0.3,0.4,0.27999999999999997,0.42,0.58,1.0,1,0.20275862068965517,0.7972413793103448,1e-06,14400,1,UNKNOWN,NO_CERTIFICATE,NO_HONEST_DRIFT,,,,,,,,,,,,,
0.3,0.4,0.27999999999999997,0.42,0.58,1.0,1,0.20275862068965517,0.7972413793103448,1e-06,14400,256,UNKNOWN,NO_CERTIFICATE,NO_HONEST_DRIFT,,,,,,,,,,,,,
0.3,0.4,0.27999999999999997,0.42,0.58,1.0,1,0.20275862068965517,0.7972413793103448,1e-09,14400,1,UNKNOWN,NO_CERTIFICATE,NO_HONEST_DRIFT,,,,,,,,,,,,,
0.3,0.4,0.27999999999999997,0.42,0.58,1.0,1,0.20275862068965517,0.7972413793103448,1e-09,14400,256,UNKNOWN,NO_CERTIFICATE,NO_HONEST_DRIFT,,,,,,,,,,,,,
0.3,0.4,0.27999999999999997,0.42,0.58,1.0,1,0.20275862068965517,0.7972413793103448,1e-12,14400,1,UNKNOWN,NO_CERTIFICATE,NO_HONEST_DRIFT,,,,,,,,,,,,,
0.3,0.4,0.27999999999999997,0.42,0.58,1.0,1,0.20275862068965517,0.7972413793103448,1e-12,14400,256,UNKNOWN,NO_CERTIFICATE,NO_HONEST_DRIFT,,,,,,,,,,,,,
0.3,0.4,0.27999999999999997,0.42,0.58,2.0,2,0.08515862068965518,0.9148413793103448,1e-06,14400,1,UNKNOWN,NO_CERTIFICATE,NO_HONEST_DRIFT,,,,,,,,,,,,,
0.3,0.4,0.27999999999999997,0.42,0.58,2.0,2,0.08515862068965518,0.9148413793103448,1e-06,14400,256,UNKNOWN,NO_CERTIFICATE,NO_HONEST_DRIFT,,,,,,,,,,,,,
0.3,0.4,0.27999999999999997,0.42,0.58,2.0,2,0.08515862068965518,0.9148413793103448,1e-09,14400,1,UNKNOWN,NO_CERTIFICATE,NO_HONEST_DRIFT,,,,,,,,,,,,,
0.3,0.4,0.27999999999999997,0.42,0.58,2.0,2,0.08515862068965518,0.9148413793103448,1e-09,14400,256,UNKNOWN,NO_CERTIFICATE,NO_HONEST_DRIFT,,,,,,,,,,,,,
0.3,0.4,0.27999999999999997,0.42,0.58,2.0,2,0.08515862068965518,0.9148413793103448,1e-12,14400,1,UNKNOWN,NO_CERTIFICATE,NO_HONEST_DRIFT,,,,,,,,,,,,,
0.3,0.4,0.27999999999999997,0.42,0.58,2.0,2,0.08515862068965518,0.9148413793103448,1e-12,14400,256,UNKNOWN,NO_CERTIFICATE,NO_HONEST_DRIFT,,,,,,,,,,,,,
0.3,0.2,0.13999999999999999,0.5599999999999999,0.43999999999999995,0.0,0,0.3181818181818182,0.6818181818181819,1e-06,14400,1,UNKNOWN,NO_CERTIFICATE,NO_HONEST_DRIFT,,,,,,,,,,,,,
0.3,0.2,0.13999999999999999,0.5599999999999999,0.43999999999999995,0.0,0,0.3181818181818182,0.6818181818181819,1e-06,14400,256,UNKNOWN,NO_CERTIFICATE,NO_HONEST_DRIFT,,,,,,,,,,,,,
0.3,0.2,0.13999999999999999,0.5599999999999999,0.43999999999999995,0.0,0,0.3181818181818182,0.6818181818181819,1e-09,14400,1,UNKNOWN,NO_CERTIFICATE,NO_HONEST_DRIFT,,,,,,,,,,,,,
0.3,0.2,0.13999999999999999,0.5599999999999999,0.43999999999999995,0.0,0,0.3181818181818182,0.6818181818181819,1e-09,14400,256,UNKNOWN,NO_CERTIFICATE,NO_HONEST_DRIFT,,,,,,,,,,,,,
0.3,0.2,0.13999999999999999,0.5599999999999999,0.43999999999999995,0.0,0,0.3181818181818182,0.6818181818181819,1e-12,14400,1,UNKNOWN,NO_CERTIFICATE,NO_HONEST_DRIFT,,,,,,,,,,,,,
0.3,0.2,0.13999999999999999,0.5599999999999999,0.43999999999999995,0.0,0,0.3181818181818182,0.6818181818181819,1e-12,14400,256,UNKNOWN,NO_CERTIFICATE,NO_HONEST_DRIFT,,,,,,,,,,,,,
0.3,0.2,0.13999999999999999,0.5599999999999999,0.43999999999999995,0.5,0,0.3181818181818182,0.6818181818181819,1e-06,14400,1,UNKNOWN,NO_CERTIFICATE,NO_HONEST_DRIFT,,,,,,,,,,,,,
0.3,0.2,0.13999999999999999,0.5599999999999999,0.43999999999999995,0.5,0,0.3181818181818182,0.6818181818181819,1e-06,14400,256,UNKNOWN,NO_CERTIFICATE,NO_HONEST_DRIFT,,,,,,,,,,,,,
0.3,0.2,0.13999999999999999,0.5599999999999999,0.43999999999999995,0.5,0,0.3181818181818182,0.6818181818181819,1e-09,14400,1,UNKNOWN,NO_CERTIFICATE,NO_HONEST_DRIFT,,,,,,,,,,,,,
0.3,0.2,0.13999999999999999,0.5599999999999999,0.43999999999999995,0.5,0,0.3181818181818182,0.6818181818181819,1e-09,14400,256,UNKNOWN,NO_CERTIFICATE,NO_HONEST_DRIFT,,,,,,,,,,,,,
0.3,0.2,0.13999999999999999,0.5599999999999999,0.43999999999999995,0.5,0,0.3181818181818182,0.6818181818181819,1e-12,14400,1,UNKNOWN,NO_CERTIFICATE,NO_HONEST_DRIFT,,,,,,,,,,,,,
0.3,0.2,0.13999999999999999,0.5599999999999999,0.43999999999999995,0.5,0,0.3181818181818182,0.6818181818181819,1e-12,14400,256,UNKNOWN,NO_CERTIFICATE,NO_HONEST_DRIFT,,,,,,,,,,,,,
0.3,0.2,0.13999999999999999,0.5599999999999999,0.43999999999999995,1.0,1,0.1781818181818182,0.8218181818181818,1e-06,14400,1,UNKNOWN,NO_CERTIFICATE,NO_HONEST_DRIFT,,,,,,,,,,,,,
0.3,0.2,0.13999999999999999,0.5599999999999999,0.43999999999999995,1.0,1,0.1781818181818182,0.8218181818181818,1e-06,14400,256,UNKNOWN,NO_CERTIFICATE,NO_HONEST_DRIFT,,,,,,,,,,,,,
0.3,0.2,0.13999999999999999,0.5599999999999999,0.43999999999999995,1.0,1,0.1781818181818182,0.8218181818181818,1e-09,14400,1,UNKNOWN,NO_CERTIFICATE,NO_HONEST_DRIFT,,,,,,,,,,,,,
0.3,0.2,0.13999999999999999,0.5599999999999999,0.43999999999999995,1.0,1,0.1781818181818182,0.8218181818181818,1e-09,14400,256,UNKNOWN,NO_CERTIFICATE,NO_HONEST_DRIFT,,,,,,,,,,,,,
0.3,0.2,0.13999999999999999,0.5599999999999999,0.43999999999999995,1.0,1,0.1781818181818182,0.8218181818181818,1e-12,14400,1,UNKNOWN,NO_CERTIFICATE,NO_HONEST_DRIFT,,,,,,,,,,,,,
0.3,0.2,0.13999999999999999,0.5599999999999999,0.43999999999999995,1.0,1,0.1781818181818182,0.8218181818181818,1e-12,14400,256,UNKNOWN,NO_CERTIFICATE,NO_HONEST_DRIFT,,,,,,,,,,,,,
0.3,0.2,0.13999999999999999,0.5599999999999999,0.43999999999999995,2.0,2,0.0997818181818182,0.9002181818181818,1e-06,14400,1,UNKNOWN,NO_CERTIFICATE,NO_HONEST_DRIFT,,,,,,,,,,,,,
0.3,0.2,0.13999999999999999,0.5599999999999999,0.43999999999999995,2.0,2,0.0997818181818182,0.9002181818181818,1e-06,14400,256,UNKNOWN,NO_CERTIFICATE,NO_HONEST_DRIFT,,,,,,,,,,,,,
0.3,0.2,0.13999999999999999,0.5599999999999999,0.43999999999999995,2.0,2,0.0997818181818182,0.9002181818181818,1e-09,14400,1,UNKNOWN,NO_CERTIFICATE,NO_HONEST_DRIFT,,,,,,,,,,,,,
0.3,0.2,0.13999999999999999,0.5599999999999999,0.43999999999999995,2.0,2,0.0997818181818182,0.9002181818181818,1e-09,14400,256,UNKNOWN,NO_CERTIFICATE,NO_HONEST_DRIFT,,,,,,,,,,,,,
0.3,0.2,0.13999999999999999,0.5599999999999999,0.43999999999999995,2.0,2,0.0997818181818182,0.9002181818181818,1e-12,14400,1,UNKNOWN,NO_CERTIFICATE,NO_HONEST_DRIFT,,,,,,,,,,,,,
0.3,0.2,0.13999999999999999,0.5599999999999999,0.43999999999999995,2.0,2,0.0997818181818182,0.9002181818181818,1e-12,14400,256,UNKNOWN,NO_CERTIFICATE,NO_HONEST_DRIFT,,,,,,,,,,,,,
