beta,u,delay,kind,k,analytical_temporal_upper,events,samples,estimate,ci95_low,ci95_high,zero_events_exact_upper95
0.1,1.0,0.0,constructive_age,4,1.0,16,16,1.0,0.8063923194655637,1.0,
0.1,1.0,0.0,envelope_gap,4,1.0,16,16,1.0,0.8063923194655637,1.0,
0.1,1.0,0.0,constructive_age,8,1.0,16,16,1.0,0.8063923194655637,1.0,
0.1,1.0,0.0,envelope_gap,8,1.0,16,16,1.0,0.8063923194655637,1.0,
0.1,1.0,0.0,constructive_age,16,1.0,1,16,0.0625,0.01111934476464252,0.28328737570298945,
0.1,1.0,0.0,envelope_gap,16,1.0,16,16,1.0,0.8063923194655637,1.0,
0.1,1.0,0.0,constructive_age,32,1.0,0,16,0.0,0.0,0.1936076805344365,0.17074972298248092
0.1,1.0,0.0,envelope_gap,32,1.0,0,16,0.0,0.0,0.1936076805344365,0.17074972298248092
0.1,1.0,0.0,constructive_age,64,0.03722146771337646,0,16,0.0,0.0,0.1936076805344365,0.17074972298248092
0.1,1.0,0.0,envelope_gap,64,0.03722146771337646,0,16,0.0,0.0,0.1936076805344365,0.17074972298248092
0.1,1.0,0.0,constructive_age,128,3.498678430410615e-08,0,16,0.0,0.0,0.1936076805344365,0.17074972298248092
0.1,1.0,0.0,envelope_gap,128,3.498678430410615e-08,0,16,0.0,0.0,0.1936076805344365,0.17074972298248092
0.1,1.0,0.0,constructive_age,256,3.091185690233788e-20,0,16,0.0,0.0,0.1936076805344365,0.17074972298248092
0.1,1.0,0.0,envelope_gap,256,3.091185690233788e-20,0,16,0.0,0.0,0.1936076805344365,0.17074972298248092
0.1,1.0,0.0,constructive_age,512,2.4130550389675234e-44,0,16,0.0,0.0,0.1936076805344365,0.17074972298248092
0.1,1.0,0.0,envelope_gap,512,2.4130550389675234e-44,0,16,0.0,0.0,0.1936076805344365,0.17074972298248092
0.1,1.0,0.0,constructive_age,1024,1.4704541748346804e-92,0,16,0.0,0.0,0.1936076805344365,0.17074972298248092
0.1,1.0,0.0,envelope_gap,1024,1.4704541748346804e-92,0,16,0.0,0.0,0.1936076805344365,0.17074972298248092
0.1,1.0,0.0,constructive_age,2048,5.460344309715022e-189,0,16,0.0,0.0,0.1936076805344365,0.17074972298248092
0.1,1.0,0.0,envelope_gap,2048,5.460344309715022e-189,0,16,0.0,0.0,0.1936076805344365,0.17074972298248092
0.1,1.0,0.0,constructive_age,4096,0.0,0,16,0.0,0.0,0.1936076805344365,0.17074972298248092
0.1,1.0,0.0,envelope_gap,4096,0.0,0,16,0.0,0.0,0.1936076805344365,0.17074972298248092
0.1,1.0,0.0,constructive_age,7200,0.0,0,16,0.0,0.0,0.1936076805344365,0.17074972298248092
0.1,1.0,0.0,envelope_gap,7200,0.0,0,16,0.0,0.0,0.1936076805344365,0.17074972298248092
0.1,1.0,0.0,constructive_disconnected,8,,2,16,0.125,0.03497748774324047,0.36022827265758695,
0.1,1.0,0.0,constructive_disconnected,32,,0,16,0.0,0.0,0.1936076805344365,0.17074972298248092
0.1,1.0,0.0,constructive_disconnected,128,,0,16,0.0,0.0,0.1936076805344365,0.17074972298248092
0.1,1.0,0.0,constructive_disconnected,512,,0,16,0.0,0.0,0.1936076805344365,0.17074972298248092
0.1,1.0,0.0,constructive_disconnected,2880,,0,16,0.0,0.0,0.1936076805344365,0.17074972298248092
